<?xml version="1.0" standalone="yes"?>
<DSCEPN2 xmlns="http://tempuri.org/DSCEPN2.xsd">
  <Usuario>
    <cd_usuario>1</cd_usuario>
    <ds_nome>Mariano Dorneles de Freitas</ds_nome>
    <nm_cpf_cnpj>4607177075</nm_cpf_cnpj>
    <ds_email>marianodorneles@gmail.com</ds_email>
    <nm_telefone>5596392974</nm_telefone>
  </Usuario>
  <Plano>
    <cd_plano>2</cd_plano>
    <fk_usuario>1</fk_usuario>
    <ds_nome>Empreendedorismo "B"</ds_nome>
    <ds_nome_arquivo>pn20180625123450.xml</ds_nome_arquivo>
    <fk_periodo_planejamento>0</fk_periodo_planejamento>
    <fk_objetivo_plano>0</fk_objetivo_plano>
    <fk_sg_estado>RS</fk_sg_estado>
    <dt_criacao>2018-06-25T12:34:50.0699881-03:00</dt_criacao>
    <dt_modificacao>2018-06-29T11:46:56.8382997-03:00</dt_modificacao>
  </Plano>
</DSCEPN2>