<?xml version="1.0" standalone="yes"?>
<DSPlanoNegocio xmlns="http://tempuri.org/DSPlanoNegocio.xsd">
  <Sumario_Executivo>
    <ds_resumo_pn>1 - O que é o negócio?
   Uma gráfica para modelos em 3D.

2 - Quais são os principais produtos e/ou serviços?
   Modelagem de produtos e impressão 3D.

3 - Quem serão seus principais clientes?
   Público em geral.

4 - Onde será localizada sua empresa?
   Próximo a um centro comercial.

5 - O montante de capital a ser investido:
   Aproximadamente R$25000, entre filamentos para impressão, impressora, locação do imóvel e compra de móveis.

6 - Qual será o faturamento mensal?
   Estimamos R$6.09 por cm³, levando em conta o custo do material, de máquina e lucro mínimo (http://cammada.com/calculadora). (Não temos noção do tamanho das peças e das impressões por mês.).
Baseado na projeção de vendas inicial, R$ 22.000 por mês, aproximadamente.

7 - Que lucro espera obter no negócio?
   Lucro mínimo de R$50 por uma peça em qualidade média e de R$60 por uma peça em qualidade alta.

8 - Em quanto tempo espera que o capital investido retorne?
   O retorno do capital investido se dará em aproximadamente 8 meses.</ds_resumo_pn>
    <ds_missao_empresa> Uma gráfica para impressões 3D, que visa vender peças de médio preço para os mais variados clientes, realizando modelagem sob demanda e impressões em médias escalas também. Tem por objetivo viabilizar a impressão 3D ao público comum, mas também realizar modelagem mais específica para clientes especializados.</ds_missao_empresa>
    <ds_fonte_recursos>Cada sócio entrará com a mesma quantidade de dinheiro e, o restante, será obtido através de um financiamento com o Banco.</ds_fonte_recursos>
  </Sumario_Executivo>
  <Empreendedor>
    <cd_empreendedor>1</cd_empreendedor>
    <ds_nome>Mariano Dorneles de Freitas</ds_nome>
    <ds_endereco>Irrelevante</ds_endereco>
    <ds_bairro>Irrelevante</ds_bairro>
    <ds_cidade>Santa Maria</ds_cidade>
    <fk_estado>RS</fk_estado>
    <nm_telefone1>9999999999</nm_telefone1>
    <nm_telefone2>0</nm_telefone2>
    <ds_perfil>-</ds_perfil>
    <ds_atribuicoes>Atendimento online</ds_atribuicoes>
    <ds_percParticipacao>25.00</ds_percParticipacao>
    <Numero>1</Numero>
  </Empreendedor>
  <Empreendedor>
    <cd_empreendedor>2</cd_empreendedor>
    <ds_nome>Lana Rossato</ds_nome>
    <ds_endereco>-</ds_endereco>
    <ds_bairro>-</ds_bairro>
    <ds_cidade>Santa Maria</ds_cidade>
    <fk_estado>RS</fk_estado>
    <nm_telefone1>9999999999</nm_telefone1>
    <nm_telefone2>0</nm_telefone2>
    <ds_perfil>-</ds_perfil>
    <ds_atribuicoes>Modelagem</ds_atribuicoes>
    <ds_percParticipacao>25.00</ds_percParticipacao>
    <Numero>2</Numero>
  </Empreendedor>
  <Empreendedor>
    <cd_empreendedor>3</cd_empreendedor>
    <ds_nome>Cásssio Visentini</ds_nome>
    <ds_endereco>-</ds_endereco>
    <ds_bairro>-</ds_bairro>
    <ds_cidade>Santa Maria</ds_cidade>
    <fk_estado>RS</fk_estado>
    <nm_telefone1>9999999999</nm_telefone1>
    <nm_telefone2>0</nm_telefone2>
    <ds_perfil>-</ds_perfil>
    <ds_atribuicoes>Operador de impressora</ds_atribuicoes>
    <ds_percParticipacao>25.00</ds_percParticipacao>
    <Numero>3</Numero>
  </Empreendedor>
  <Empreendedor>
    <cd_empreendedor>4</cd_empreendedor>
    <ds_nome>Leonardo Piekala</ds_nome>
    <ds_endereco>-</ds_endereco>
    <ds_bairro>-</ds_bairro>
    <ds_cidade>Santa Maria</ds_cidade>
    <fk_estado>RS</fk_estado>
    <nm_telefone1>9999999999</nm_telefone1>
    <nm_telefone2>0</nm_telefone2>
    <ds_perfil>-</ds_perfil>
    <ds_atribuicoes>Atendimento Presencial</ds_atribuicoes>
    <ds_percParticipacao>25.00</ds_percParticipacao>
    <Numero>4</Numero>
  </Empreendedor>
  <Empreendimento>
    <ic_setor_agropecuaria>false</ic_setor_agropecuaria>
    <ic_setor_industria>true</ic_setor_industria>
    <ic_setor_comercio>true</ic_setor_comercio>
    <ic_setor_servico>false</ic_setor_servico>
    <ic_forma_juridica>S</ic_forma_juridica>
    <ds_forma_juridica_outros />
    <ic_tributo_federal>Regime Normal</ic_tributo_federal>
    <ic_tributo_estadual>False</ic_tributo_estadual>
    <ic_tributo_municipal>False</ic_tributo_municipal>
  </Empreendimento>
  <Analise_Mercado>
    <ds_publico_alvo>O público alvo do nosso negócio são todas as pessoas e empresas que desejam algum tipo de impressão em 3D.</ds_publico_alvo>
    <ds_comportamento_cliente>Necessidade de imprimir algum projeto detalhado, de melhor visibilidade, que não disponha de muito tempo para realizar a modelagem e que não tenha interesse em investir em uma impressora própria.</ds_comportamento_cliente>
    <ds_area_abrangencia>Todos os setores e pessoas.</ds_area_abrangencia>
    <ds_conclusao>A Sttalo não é uma concorrente direta, pois diverge da nossa empresa pelos produtos fornecidos. Contudo, por também trabalhar com impressão 3D, pode-se considerar uma concorrência. Há espaço para as duas empresas, um cliente optaria pela nossa se quisesse também realizar modelagem do produto ou precisasse de uma impressão em maior escala.</ds_conclusao>
  </Analise_Mercado>
  <Estudo_Concorrrente>
    <cd_empresa>-1</cd_empresa>
    <ds_empresa>Sttalo</ds_empresa>
    <ds_qualidade>Desconhecida</ds_qualidade>
    <ds_preco>Variam entre 7 e 23 reais</ds_preco>
    <ds_condicao_pagamento>Desconhecidas</ds_condicao_pagamento>
    <ds_localizacao>Incubadora UFSM</ds_localizacao>
    <ds_atendimento>Horário comercial</ds_atendimento>
    <ds_servico>Pequenos produtos de utilidade diversa</ds_servico>
    <ds_garantias />
    <propriaEmpresa>false</propriaEmpresa>
    <Numero>1</Numero>
  </Estudo_Concorrrente>
  <Estudo_Fornecedor>
    <cd_fornecedor>-1</cd_fornecedor>
    <ds_nome_fornecedor>Hongdak</ds_nome_fornecedor>
    <ds_preco>90 reais</ds_preco>
    <ds_condicao_pagamento>Em até 12x sem juros</ds_condicao_pagamento>
    <ds_prazo_entrega>15 à 20 dias úteis</ds_prazo_entrega>
    <ds_descricao_item>Filamento para impressora 3D</ds_descricao_item>
    <ds_localizacao>Internet</ds_localizacao>
    <Numero>1</Numero>
  </Estudo_Fornecedor>
  <Estudo_Fornecedor>
    <cd_fornecedor>-2</cd_fornecedor>
    <ds_nome_fornecedor>3D Procer</ds_nome_fornecedor>
    <ds_preco>100 reais</ds_preco>
    <ds_condicao_pagamento>Em até 12x sem juros</ds_condicao_pagamento>
    <ds_prazo_entrega>15 a 25 dias úteis</ds_prazo_entrega>
    <ds_descricao_item>Filamento para impressora 3D</ds_descricao_item>
    <ds_localizacao>Internet</ds_localizacao>
    <Numero>2</Numero>
  </Estudo_Fornecedor>
  <Plano_Marketing>
    <ds_principais_produtos>Modelagem dos produtos para impressão 3D e a impressão 3D.</ds_principais_produtos>
    <ds_estrategia_precificacao>A precificação está baseada no preço médio do mercado, levando em conta todo o custo operacional e um lucro fixo por peça/qualidade. Também foi utilizado um software que auxiliou na escolha dos preços.</ds_estrategia_precificacao>
    <ds_estrategia_promocao>LCLM Impressões será divulgada principalmente nas mídias sociais, durante o primeiro ano da empresa é cogitada a possibilidade de participação em uma feira de comércio.</ds_estrategia_promocao>
    <ds_forma_comercializacao>A gráfica será fixa, atenderá pedidos de clientes recorrentes por e-mail, imprimirá modelagens de clientes que chegarem com a mesma pronta e, por um preço, poderá ser realizada a modelagem na empresa juntamente com os profissionais disponíveis.</ds_forma_comercializacao>
    <ds_consideracao>Próximo ao centro de Santa Maria, facilitando o reconhecimento pelos clientes.</ds_consideracao>
    <ds_endereco>Rua Conde de Porto Alegre, 706</ds_endereco>
    <ds_bairro>Nossa Senhora de Fátima</ds_bairro>
    <ds_cidade>Santa Maria</ds_cidade>
    <ds_estado>RS</ds_estado>
    <ds_telefone1>(99) 9999-9999</ds_telefone1>
    <ds_telefone2>(  )     -</ds_telefone2>
    <ds_fax>(  )     -</ds_fax>
  </Plano_Marketing>
  <Produtos>
    <cd_produto>1</cd_produto>
    <ds_produto>Impressão 3D média complexidade</ds_produto>
    <nm_quantidade>120</nm_quantidade>
    <nm_preco_venda>111.19</nm_preco_venda>
    <nm_preco_custo>18.000</nm_preco_custo>
    <cd_tipo>P</cd_tipo>
  </Produtos>
  <Produtos>
    <cd_produto>2</cd_produto>
    <ds_produto>Modelagem</ds_produto>
    <nm_quantidade>40</nm_quantidade>
    <nm_preco_venda>100.00</nm_preco_venda>
    <nm_preco_custo>40.00</nm_preco_custo>
    <cd_tipo>S</cd_tipo>
  </Produtos>
  <Produtos>
    <cd_produto>3</cd_produto>
    <ds_produto>Impressão 3D alta complexidade</ds_produto>
    <nm_quantidade>30</nm_quantidade>
    <nm_preco_venda>156.80</nm_preco_venda>
    <nm_preco_custo>45.000</nm_preco_custo>
    <cd_tipo>P</cd_tipo>
  </Produtos>
  <Plano_Operacional>
    <ds_capacidade_maxima>Máximo: 200 peças ao mês de tamanho pequeno e baixa complexidade à 50 de tamanho médio e alto grau de complexidade.</ds_capacidade_maxima>
    <ds_atividade_negocio>1 - Pedido: sob encomenda.

2 - Modelagem: se o pedido não possuir o arquivo necessário.

3 - Aprovação de Modelagem: verificação de atendimento aos requisitos minimos.

4 - Orçamento: conversas com o cliente sobre o preço.

5 - Aprovação do Pedido: onde é fechada a negociação.

6 - Impressão.

7 - Lavagem: Remoção de qualquer resquicio de produtos químicos.

8 - Detalhamento: Lixar o produto e cuidar dos detalhes menores para total  proximidade ao pedido do cliente.

9 - Embalagem: Encaixotado e com revestimento de isopor.

10 - Retirada: busca na loja para assegurar qualidade, evitando possivel dano referente ao envio.
</ds_atividade_negocio>
  </Plano_Operacional>
  <Necessidade_Pessoal>
    <cd_pessoal>-1</cd_pessoal>
    <ds_cargo>Atendimento presencial</ds_cargo>
    <ds_qualificacao>Possuir cordialidade, simpatia e conhecimento do produto</ds_qualificacao>
    <nm_qtd_empregados>1</nm_qtd_empregados>
    <nm_salario_mensal>1200.00</nm_salario_mensal>
    <nm_vlr_encargos_sociais>25.00</nm_vlr_encargos_sociais>
    <vlrSubtotal>1200.00</vlrSubtotal>
    <encargosSociais>300.0000</encargosSociais>
    <total>1500.0000</total>
    <Numero>1</Numero>
  </Necessidade_Pessoal>
  <Necessidade_Pessoal>
    <cd_pessoal>-2</cd_pessoal>
    <ds_cargo>Operador de máquina 3D</ds_cargo>
    <ds_qualificacao>Saber operar uma máquina 3D</ds_qualificacao>
    <nm_qtd_empregados>1</nm_qtd_empregados>
    <nm_salario_mensal>1200.00</nm_salario_mensal>
    <nm_vlr_encargos_sociais>25.00</nm_vlr_encargos_sociais>
    <vlrSubtotal>1200.00</vlrSubtotal>
    <encargosSociais>300.0000</encargosSociais>
    <total>1500.0000</total>
    <Numero>2</Numero>
  </Necessidade_Pessoal>
  <Necessidade_Pessoal>
    <cd_pessoal>-3</cd_pessoal>
    <ds_cargo>Modelador</ds_cargo>
    <ds_qualificacao>Saber mexer em softwares de modelagem 3D</ds_qualificacao>
    <nm_qtd_empregados>1</nm_qtd_empregados>
    <nm_salario_mensal>1200.00</nm_salario_mensal>
    <nm_vlr_encargos_sociais>25.00</nm_vlr_encargos_sociais>
    <vlrSubtotal>1200.00</vlrSubtotal>
    <encargosSociais>300.0000</encargosSociais>
    <total>1500.0000</total>
    <Numero>3</Numero>
  </Necessidade_Pessoal>
  <Necessidade_Pessoal>
    <cd_pessoal>-4</cd_pessoal>
    <ds_cargo>Atendimento online</ds_cargo>
    <ds_qualificacao>Possuir conhecimento básico em computação</ds_qualificacao>
    <nm_qtd_empregados>1</nm_qtd_empregados>
    <nm_salario_mensal>1200.00</nm_salario_mensal>
    <nm_vlr_encargos_sociais>25.00</nm_vlr_encargos_sociais>
    <vlrSubtotal>1200.00</vlrSubtotal>
    <encargosSociais>300.0000</encargosSociais>
    <total>1500.0000</total>
    <Numero>4</Numero>
  </Necessidade_Pessoal>
  <Necessidade_Pessoal>
    <cd_pessoal>-6</cd_pessoal>
    <ds_cargo>Contador</ds_cargo>
    <ds_qualificacao>Formação em ciências contábeis ou admnistração</ds_qualificacao>
    <nm_qtd_empregados>1</nm_qtd_empregados>
    <nm_salario_mensal>1800.00</nm_salario_mensal>
    <nm_vlr_encargos_sociais>0</nm_vlr_encargos_sociais>
    <vlrSubtotal>1800.00</vlrSubtotal>
    <encargosSociais>0.00</encargosSociais>
    <total>1800.00</total>
    <Numero>5</Numero>
  </Necessidade_Pessoal>
  <Necessidade_Pessoal>
    <cd_pessoal>-9</cd_pessoal>
    <ds_cargo>Jovem aprendiz</ds_cargo>
    <ds_qualificacao>Nenhuma</ds_qualificacao>
    <nm_qtd_empregados>2</nm_qtd_empregados>
    <nm_salario_mensal>800.00</nm_salario_mensal>
    <nm_vlr_encargos_sociais>0</nm_vlr_encargos_sociais>
    <vlrSubtotal>1600.00</vlrSubtotal>
    <encargosSociais>0.00</encargosSociais>
    <total>1600.00</total>
    <Numero>6</Numero>
  </Necessidade_Pessoal>
  <Investimento_Fixo>
    <cd_bem>-1</cd_bem>
    <ds_descricao_bem>Notebooks para modelagem 3D</ds_descricao_bem>
    <nm_grupo_bem>5</nm_grupo_bem>
    <nm_quantidade>2</nm_quantidade>
    <nm_valor_unitario>2349.00</nm_valor_unitario>
  </Investimento_Fixo>
  <Investimento_Fixo>
    <cd_bem>-2</cd_bem>
    <ds_descricao_bem>Mesas para equipamentos e coisas em geral</ds_descricao_bem>
    <nm_grupo_bem>3</nm_grupo_bem>
    <nm_quantidade>5</nm_quantidade>
    <nm_valor_unitario>187.90</nm_valor_unitario>
  </Investimento_Fixo>
  <Investimento_Fixo>
    <cd_bem>-3</cd_bem>
    <ds_descricao_bem>Mesas para interação</ds_descricao_bem>
    <nm_grupo_bem>3</nm_grupo_bem>
    <nm_quantidade>2</nm_quantidade>
    <nm_valor_unitario>1100.00</nm_valor_unitario>
  </Investimento_Fixo>
  <Investimento_Fixo>
    <cd_bem>-4</cd_bem>
    <ds_descricao_bem>Balcão modular</ds_descricao_bem>
    <nm_grupo_bem>3</nm_grupo_bem>
    <nm_quantidade>5</nm_quantidade>
    <nm_valor_unitario>293.75</nm_valor_unitario>
  </Investimento_Fixo>
  <Investimento_Fixo>
    <cd_bem>-5</cd_bem>
    <ds_descricao_bem>Cadeiras comuns</ds_descricao_bem>
    <nm_grupo_bem>3</nm_grupo_bem>
    <nm_quantidade>10</nm_quantidade>
    <nm_valor_unitario>199.90</nm_valor_unitario>
  </Investimento_Fixo>
  <Investimento_Fixo>
    <cd_bem>-6</cd_bem>
    <ds_descricao_bem>Cadeiras para os modeladores </ds_descricao_bem>
    <nm_grupo_bem>3</nm_grupo_bem>
    <nm_quantidade>2</nm_quantidade>
    <nm_valor_unitario>404.91</nm_valor_unitario>
  </Investimento_Fixo>
  <Investimento_Fixo>
    <cd_bem>-7</cd_bem>
    <ds_descricao_bem>Máquina de impressão 3D média</ds_descricao_bem>
    <nm_grupo_bem>1</nm_grupo_bem>
    <nm_quantidade>1</nm_quantidade>
    <nm_valor_unitario>923.89</nm_valor_unitario>
  </Investimento_Fixo>
  <Investimento_Fixo>
    <cd_bem>-8</cd_bem>
    <ds_descricao_bem>Máquina de impressão 3D grande</ds_descricao_bem>
    <nm_grupo_bem>1</nm_grupo_bem>
    <nm_quantidade>1</nm_quantidade>
    <nm_valor_unitario>3250.00</nm_valor_unitario>
  </Investimento_Fixo>
  <Investimento_Fixo>
    <cd_bem>-9</cd_bem>
    <ds_descricao_bem>Cafeteira</ds_descricao_bem>
    <nm_grupo_bem>3</nm_grupo_bem>
    <nm_quantidade>2</nm_quantidade>
    <nm_valor_unitario>55.00</nm_valor_unitario>
  </Investimento_Fixo>
  <Investimento_Fixo>
    <cd_bem>-10</cd_bem>
    <ds_descricao_bem>Impressora comum</ds_descricao_bem>
    <nm_grupo_bem>1</nm_grupo_bem>
    <nm_quantidade>1</nm_quantidade>
    <nm_valor_unitario>260.92</nm_valor_unitario>
  </Investimento_Fixo>
  <Investimento_Fixo>
    <cd_bem>-11</cd_bem>
    <ds_descricao_bem>Filtro d'água </ds_descricao_bem>
    <nm_grupo_bem>3</nm_grupo_bem>
    <nm_quantidade>1</nm_quantidade>
    <nm_valor_unitario>170.91</nm_valor_unitario>
  </Investimento_Fixo>
  <Investimento_Fixo>
    <cd_bem>-12</cd_bem>
    <ds_descricao_bem>Estante para estoque e produtos prontos</ds_descricao_bem>
    <nm_grupo_bem>3</nm_grupo_bem>
    <nm_quantidade>10</nm_quantidade>
    <nm_valor_unitario>290.00</nm_valor_unitario>
  </Investimento_Fixo>
  <Estoque_Inicial>
    <cd_material>-1</cd_material>
    <ds_material>Pacote de folhas de ofício</ds_material>
    <nm_quantidade>4</nm_quantidade>
    <nm_valor_unitario>20.00</nm_valor_unitario>
  </Estoque_Inicial>
  <Estoque_Inicial>
    <cd_material>-2</cd_material>
    <ds_material>Filamentos cores diversas (12 cores)</ds_material>
    <nm_quantidade>36</nm_quantidade>
    <nm_valor_unitario>90.00</nm_valor_unitario>
  </Estoque_Inicial>
  <Estoque_Inicial>
    <cd_material>-3</cd_material>
    <ds_material>Embalagens de papel com bolinhas de isopor dentro</ds_material>
    <nm_quantidade>2</nm_quantidade>
    <nm_valor_unitario>25.00</nm_valor_unitario>
  </Estoque_Inicial>
  <Custo_Depreciacao>
    <nm_grupo_bem>1</nm_grupo_bem>
  </Custo_Depreciacao>
  <Custo_Depreciacao>
    <nm_grupo_bem>3</nm_grupo_bem>
  </Custo_Depreciacao>
  <Custo_Depreciacao>
    <nm_grupo_bem>5</nm_grupo_bem>
  </Custo_Depreciacao>
  <Conta_Pagar_Receber>
    <cd_prazo>-1</cd_prazo>
    <cd_conta>0</cd_conta>
    <ds_prazo>Produtos impressos</ds_prazo>
    <nm_percentual>75.00</nm_percentual>
    <nm_dias>60</nm_dias>
  </Conta_Pagar_Receber>
  <Conta_Pagar_Receber>
    <cd_prazo>-2</cd_prazo>
    <cd_conta>0</cd_conta>
    <ds_prazo>Modelagem</ds_prazo>
    <nm_percentual>25.00</nm_percentual>
    <nm_dias>90</nm_dias>
  </Conta_Pagar_Receber>
  <Conta_Pagar_Receber>
    <cd_prazo>-3</cd_prazo>
    <cd_conta>1</cd_conta>
    <ds_prazo>Filamentos</ds_prazo>
    <nm_percentual>100.00</nm_percentual>
    <nm_dias>60</nm_dias>
  </Conta_Pagar_Receber>
  <Necessidade_Estoque>
    <nm_estoque>30</nm_estoque>
  </Necessidade_Estoque>
  <Avaliacao_Estrategica>
    <ds_forcas>Melhoria na qualidade das impressões, marketing favorável, satisfação dos clientes com os produtos adquiridos</ds_forcas>
    <ds_oportunidades>Diminuição no preço do filamento, popularização das impressões em 3D e crescimento do mercado</ds_oportunidades>
    <ds_fraquezas>Impressoras defeituosas, filamento de baixa quailidade </ds_fraquezas>
    <ds_ameacas>Crise financeira, aumento brusco no petróleo (material base para o filamento), queda no preço da impressora 3D</ds_ameacas>
    <ds_acoes>Algumas ações são incontroláveis, contudo, para o caso da impressora, será realizada manutenção mensal, para garantir o seu pleno funcionamento, os filamentos podem ser adquiridos com outros fornecedores, caso os atuais demonstrem uma queda na qualidade.</ds_acoes>
  </Avaliacao_Estrategica>
  <AvaliacaoPlano>
    <ds_AvaliacaoPlano>Concluímos que a empresa tem um risco moderado, contudo, é necessário um grande investimento inicial. Ao decorrer das semanas de planejamento, vimos que as coisas ficavam mais complicadas em relação à nossa empresa. A estimativa de investimento inicial, logo que começamos, era muito diferente da estimativa real, após fazermos o levantamento de tudo o que seria necessário para viabilização do negócio. O retorno em 8 meses também é um ponto importante a ser considerado, pois novas tecnologias são criadas todos os dias e pode ser que impressão em 3D se torne algo tão natural como impressão em 2D, o que inviabilizaria nosso negócio, em contrapartida, a popularização da impressão poderia ser muito benéfica para a mesma.</ds_AvaliacaoPlano>
  </AvaliacaoPlano>
  <Investimento_Pre_Operacional>
    <cd_investimento>-1</cd_investimento>
    <ds_investimento>Despesas de Legalização</ds_investimento>
    <nm_valor>1500.00</nm_valor>
  </Investimento_Pre_Operacional>
  <Investimento_Pre_Operacional>
    <cd_investimento>-2</cd_investimento>
    <ds_investimento>Obras civis e/ou reformas</ds_investimento>
    <nm_valor>0</nm_valor>
  </Investimento_Pre_Operacional>
  <Investimento_Pre_Operacional>
    <cd_investimento>-3</cd_investimento>
    <ds_investimento>Divulgação de Lançamento</ds_investimento>
    <nm_valor>350.00</nm_valor>
  </Investimento_Pre_Operacional>
  <Investimento_Pre_Operacional>
    <cd_investimento>-4</cd_investimento>
    <ds_investimento>Cursos e Treinamentos</ds_investimento>
    <nm_valor>0</nm_valor>
  </Investimento_Pre_Operacional>
  <Investimento_Pre_Operacional>
    <cd_investimento>-5</cd_investimento>
    <ds_investimento>Outras despesas</ds_investimento>
    <nm_valor>0</nm_valor>
  </Investimento_Pre_Operacional>
  <Status_Preenchimento_tela>
    <_x0031_._x0020_Sumário_x0020_Executivo>true</_x0031_._x0020_Sumário_x0020_Executivo>
    <_x0032_._x0020_Análise_x0020_de_x0020_Mercado>true</_x0032_._x0020_Análise_x0020_de_x0020_Mercado>
    <_x0033_._x0020_Plano_x0020_de_x0020_Marketing>true</_x0033_._x0020_Plano_x0020_de_x0020_Marketing>
    <_x0034_._x0020_Plano_x0020_Operacional>true</_x0034_._x0020_Plano_x0020_Operacional>
    <_x0035_._x0020_Plano_x0020_Financeiro>true</_x0035_._x0020_Plano_x0020_Financeiro>
    <_x0036_._x0020_Construção_x0020_de_x0020_Cenários>true</_x0036_._x0020_Construção_x0020_de_x0020_Cenários>
    <_x0037_._x0020_Avaliação_x0020_Estratégica>true</_x0037_._x0020_Avaliação_x0020_Estratégica>
    <_x0038_._x0020_Avaliação_x0020_do_x0020_Plano_x0020_de_x0020_Negócio>true</_x0038_._x0020_Avaliação_x0020_do_x0020_Plano_x0020_de_x0020_Negócio>
    <_x0031_.1_x0020_Resumo_x0020_dos_x0020_principais_x0020_pontos_x0020_do_x0020_plano_x0020_de_x0020_negócio>true</_x0031_.1_x0020_Resumo_x0020_dos_x0020_principais_x0020_pontos_x0020_do_x0020_plano_x0020_de_x0020_negócio>
    <_x0031_.2_x0020_Dados_x0020_dos_x0020_empreendedores_x002C__x0020_experiência_x0020_profissional_x0020_e_x0020_atribuições>true</_x0031_.2_x0020_Dados_x0020_dos_x0020_empreendedores_x002C__x0020_experiência_x0020_profissional_x0020_e_x0020_atribuições>
    <_x0031_.3_x0020_Dados_x0020_do_x0020_empreendimento>true</_x0031_.3_x0020_Dados_x0020_do_x0020_empreendimento>
    <_x0031_.4_x0020_Missão_x0020_da_x0020_empresa>true</_x0031_.4_x0020_Missão_x0020_da_x0020_empresa>
    <_x0031_.5_x0020_Setores_x0020_de_x0020_atividades>true</_x0031_.5_x0020_Setores_x0020_de_x0020_atividades>
    <_x0031_.6_x0020_Forma_x0020_Jurídica>true</_x0031_.6_x0020_Forma_x0020_Jurídica>
    <_x0031_.7_x0020_Enquadramento_x0020_Tributário>true</_x0031_.7_x0020_Enquadramento_x0020_Tributário>
    <_x0031_.7.1_x0020_Âmbito_x0020_federal>true</_x0031_.7.1_x0020_Âmbito_x0020_federal>
    <_x0031_.7.2_x0020_Âmbito_x0020_estadual>true</_x0031_.7.2_x0020_Âmbito_x0020_estadual>
    <_x0031_.7.3_x0020_Âmbito_x0020_municipal>true</_x0031_.7.3_x0020_Âmbito_x0020_municipal>
    <_x0031_.8_x0020_Capital_x0020_Social>true</_x0031_.8_x0020_Capital_x0020_Social>
    <_x0031_.9_x0020_Fonte_x0020_de_x0020_recursos>true</_x0031_.9_x0020_Fonte_x0020_de_x0020_recursos>
    <_x0032_.1_x0020_Estudo_x0020_dos_x0020_clientes>true</_x0032_.1_x0020_Estudo_x0020_dos_x0020_clientes>
    <_x0032_.2_x0020_Estudo_x0020_dos_x0020_concorrentes>true</_x0032_.2_x0020_Estudo_x0020_dos_x0020_concorrentes>
    <_x0032_.3_x0020_Estudo_x0020_dos_x0020_fornecedores>true</_x0032_.3_x0020_Estudo_x0020_dos_x0020_fornecedores>
    <_x0033_.1_x0020_Descrição_x0020_dos_x0020_principais_x0020_produtos_x0020_e_x0020_serviços>true</_x0033_.1_x0020_Descrição_x0020_dos_x0020_principais_x0020_produtos_x0020_e_x0020_serviços>
    <_x0033_.2_x0020_Preço>true</_x0033_.2_x0020_Preço>
    <_x0033_.3_x0020_Estratégias_x0020_promocionais>true</_x0033_.3_x0020_Estratégias_x0020_promocionais>
    <_x0033_.4_x0020_Estrutura_x0020_de_x0020_comercialização>true</_x0033_.4_x0020_Estrutura_x0020_de_x0020_comercialização>
    <_x0033_.5_x0020_Localização_x0020_do_x0020_negócio>true</_x0033_.5_x0020_Localização_x0020_do_x0020_negócio>
    <_x0034_.1_x0020_Layout>true</_x0034_.1_x0020_Layout>
    <_x0034_.2_x0020_Capacidade_x0020_produtiva_x002F_comercial_x002F_serviços>true</_x0034_.2_x0020_Capacidade_x0020_produtiva_x002F_comercial_x002F_serviços>
    <_x0034_.3_x0020_Processos_x0020_operacionais>true</_x0034_.3_x0020_Processos_x0020_operacionais>
    <_x0034_.4_x0020_Necessidade_x0020_de_x0020_pessoal>true</_x0034_.4_x0020_Necessidade_x0020_de_x0020_pessoal>
    <_x0035_.1_x0020_Estimativa_x0020_de_x0020_investimentos_x0020_fixos>true</_x0035_.1_x0020_Estimativa_x0020_de_x0020_investimentos_x0020_fixos>
    <_x0035_.2_x0020_Capital_x0020_de_x0020_giro>true</_x0035_.2_x0020_Capital_x0020_de_x0020_giro>
    <_x0035_.2.1_x0020_Estimativa_x0020_de_x0020_Estoque_x0020_Inicial>true</_x0035_.2.1_x0020_Estimativa_x0020_de_x0020_Estoque_x0020_Inicial>
    <_x0035_.2.2_x0020_Caixa_x0020_Mínimo>true</_x0035_.2.2_x0020_Caixa_x0020_Mínimo>
    <_x0035_.3_x0020_Investimentos_x0020_pré-operacionais>true</_x0035_.3_x0020_Investimentos_x0020_pré-operacionais>
    <_x0035_.4_x0020_Investimento_x0020_total_x0020__x0028_resumo_x0029_>true</_x0035_.4_x0020_Investimento_x0020_total_x0020__x0028_resumo_x0029_>
    <_x0035_.5_x0020_Estimativa_x0020_do_x0020_faturamento_x0020_mensal_x0020_da_x0020_empresa>true</_x0035_.5_x0020_Estimativa_x0020_do_x0020_faturamento_x0020_mensal_x0020_da_x0020_empresa>
    <_x0035_.6_x0020_Estimativa_x0020_do_x0020_custo_x0020_unitário_x0020_de_x0020_matéria_x0020_prima_x002C__x0020_materiais_x0020_diretos_x0020_e_x0020_terceirizações>true</_x0035_.6_x0020_Estimativa_x0020_do_x0020_custo_x0020_unitário_x0020_de_x0020_matéria_x0020_prima_x002C__x0020_materiais_x0020_diretos_x0020_e_x0020_terceirizações>
    <_x0035_.7_x0020_Estimativas_x0020_de_x0020_custos_x0020_de_x0020_comercialização>true</_x0035_.7_x0020_Estimativas_x0020_de_x0020_custos_x0020_de_x0020_comercialização>
    <_x0035_.8_x0020_Apuração_x0020_do_x0020_custo_x0020_dos_x0020_materiais_x0020_diretos_x0020_e_x002F_ou_x0020_mercadorias_x0020_vendidas>true</_x0035_.8_x0020_Apuração_x0020_do_x0020_custo_x0020_dos_x0020_materiais_x0020_diretos_x0020_e_x002F_ou_x0020_mercadorias_x0020_vendidas>
    <_x0035_.9_x0020_Estimativas_x0020_dos_x0020_custos_x0020_com_x0020_mão-de-obra>true</_x0035_.9_x0020_Estimativas_x0020_dos_x0020_custos_x0020_com_x0020_mão-de-obra>
    <_x0035_.10_x0020_Estimativas_x0020_dos_x0020_custos_x0020_com_x0020_depreciação>true</_x0035_.10_x0020_Estimativas_x0020_dos_x0020_custos_x0020_com_x0020_depreciação>
    <_x0035_.11_x0020_Estimativas_x0020_dos_x0020_custos_x0020_fixos_x0020_operacionais_x0020_mensais>true</_x0035_.11_x0020_Estimativas_x0020_dos_x0020_custos_x0020_fixos_x0020_operacionais_x0020_mensais>
    <_x0035_.12_x0020_Demonstrativo_x0020_de_x0020_resultados>true</_x0035_.12_x0020_Demonstrativo_x0020_de_x0020_resultados>
    <_x0035_.13_x0020_Indicadores_x0020_de_x0020_viabilidade>true</_x0035_.13_x0020_Indicadores_x0020_de_x0020_viabilidade>
    <_x0036_.1_x0020_Ações_x0020_Preventivas_x0020_e_x0020_Corretivas>true</_x0036_.1_x0020_Ações_x0020_Preventivas_x0020_e_x0020_Corretivas>
    <_x0037_.1_x0020_Análise_x0020_da_x0020_Matriz_x0020_F.O.F.A.>true</_x0037_.1_x0020_Análise_x0020_da_x0020_Matriz_x0020_F.O.F.A.>
    <_x0038_.1_x0020_Avaliação>true</_x0038_.1_x0020_Avaliação>
  </Status_Preenchimento_tela>
  <Fontes_Recursos>
    <nm_proprio>60.00</nm_proprio>
    <nm_terceiros>20.00</nm_terceiros>
    <nm_outros>20.00</nm_outros>
  </Fontes_Recursos>
  <Material_Insumo>
    <cd_material>-1</cd_material>
    <ds_material>Filamento</ds_material>
    <nm_quantidade>0.2</nm_quantidade>
    <nm_custo>90.00</nm_custo>
    <fk_cd_produto>1</fk_cd_produto>
  </Material_Insumo>
  <Material_Insumo>
    <cd_material>-2</cd_material>
    <ds_material>Comissão mão de obra</ds_material>
    <nm_quantidade>1</nm_quantidade>
    <nm_custo>40.00</nm_custo>
    <fk_cd_produto>2</fk_cd_produto>
  </Material_Insumo>
  <Material_Insumo>
    <cd_material>-3</cd_material>
    <ds_material>Filamento</ds_material>
    <nm_quantidade>0.5</nm_quantidade>
    <nm_custo>90.00</nm_custo>
    <fk_cd_produto>3</fk_cd_produto>
  </Material_Insumo>
  <Custo_Fixo_Mensal>
    <cd_custo>-1</cd_custo>
    <ds_descricao>Aluguel</ds_descricao>
    <nm_valor>2500.00</nm_valor>
    <numero>1</numero>
  </Custo_Fixo_Mensal>
  <Custo_Fixo_Mensal>
    <cd_custo>-2</cd_custo>
    <ds_descricao>Condomínio</ds_descricao>
    <nm_valor>120.00</nm_valor>
    <numero>2</numero>
  </Custo_Fixo_Mensal>
  <Custo_Fixo_Mensal>
    <cd_custo>-3</cd_custo>
    <ds_descricao>IPTU</ds_descricao>
    <nm_valor>25.00</nm_valor>
    <numero>3</numero>
  </Custo_Fixo_Mensal>
  <Custo_Fixo_Mensal>
    <cd_custo>-4</cd_custo>
    <ds_descricao>Energia elétrica</ds_descricao>
    <nm_valor>550.00</nm_valor>
    <numero>4</numero>
  </Custo_Fixo_Mensal>
  <Custo_Fixo_Mensal>
    <cd_custo>-5</cd_custo>
    <ds_descricao>Telefone + internet</ds_descricao>
    <nm_valor>250.00</nm_valor>
    <numero>5</numero>
  </Custo_Fixo_Mensal>
  <Custo_Fixo_Mensal>
    <cd_custo>-6</cd_custo>
    <ds_descricao>Honorários do contador</ds_descricao>
    <nm_valor>0.00</nm_valor>
    <numero>6</numero>
  </Custo_Fixo_Mensal>
  <Custo_Fixo_Mensal>
    <cd_custo>-7</cd_custo>
    <ds_descricao>Pró-labore</ds_descricao>
    <nm_valor>800.00</nm_valor>
    <numero>7</numero>
  </Custo_Fixo_Mensal>
  <Custo_Fixo_Mensal>
    <cd_custo>-8</cd_custo>
    <ds_descricao>Manutenção dos equipamentos</ds_descricao>
    <nm_valor>500.00</nm_valor>
    <numero>8</numero>
  </Custo_Fixo_Mensal>
  <Custo_Fixo_Mensal>
    <cd_custo>-9</cd_custo>
    <ds_descricao>Salários + encargos</ds_descricao>
    <nm_valor>9400.0000</nm_valor>
    <numero>9</numero>
  </Custo_Fixo_Mensal>
  <Custo_Fixo_Mensal>
    <cd_custo>-10</cd_custo>
    <ds_descricao>Material de limpeza</ds_descricao>
    <nm_valor>150.00</nm_valor>
    <numero>10</numero>
  </Custo_Fixo_Mensal>
  <Custo_Fixo_Mensal>
    <cd_custo>-11</cd_custo>
    <ds_descricao>Material de escritório</ds_descricao>
    <nm_valor>100.00</nm_valor>
    <numero>11</numero>
  </Custo_Fixo_Mensal>
  <Custo_Fixo_Mensal>
    <cd_custo>-12</cd_custo>
    <ds_descricao>Taxas diversas</ds_descricao>
    <nm_valor>0.00</nm_valor>
    <numero>12</numero>
  </Custo_Fixo_Mensal>
  <Custo_Fixo_Mensal>
    <cd_custo>-13</cd_custo>
    <ds_descricao>Serviços de terceiros</ds_descricao>
    <nm_valor>1700.00</nm_valor>
    <numero>13</numero>
  </Custo_Fixo_Mensal>
  <Custo_Fixo_Mensal>
    <cd_custo>-14</cd_custo>
    <ds_descricao>Depreciação</ds_descricao>
    <nm_valor>203.58</nm_valor>
    <numero>14</numero>
  </Custo_Fixo_Mensal>
  <Custo_Fixo_Mensal>
    <cd_custo>-15</cd_custo>
    <ds_descricao>Contribuição do Microempreendedor Individual – MEI</ds_descricao>
    <nm_valor>0</nm_valor>
    <numero>15</numero>
  </Custo_Fixo_Mensal>
  <Custo_Fixo_Mensal>
    <cd_custo>-16</cd_custo>
    <ds_descricao>Outras taxas</ds_descricao>
    <nm_valor>0.00</nm_valor>
    <numero>16</numero>
  </Custo_Fixo_Mensal>
  <Projecao_Receitas>
    <tipoProjecao>F</tipoProjecao>
    <Mes1>16298.58</Mes1>
    <Mes2>16298.58</Mes2>
    <Mes3>16298.58</Mes3>
    <Mes4>16298.58</Mes4>
    <Mes5>16298.58</Mes5>
    <Mes6>16298.58</Mes6>
    <Mes7>16298.58</Mes7>
    <Mes8>16298.58</Mes8>
    <Mes9>16298.58</Mes9>
    <Mes10>16298.58</Mes10>
    <Mes11>16298.58</Mes11>
    <Mes12>16298.58</Mes12>
    <Ano2>0</Ano2>
    <Ano3>0</Ano3>
    <Ano4>0</Ano4>
    <Ano5>0</Ano5>
    <taxaCrescimento>0</taxaCrescimento>
    <taxaCrescimentoAno>0</taxaCrescimentoAno>
    <modoProjecao>S</modoProjecao>
  </Projecao_Receitas>
  <Projecao_Receitas>
    <tipoProjecao>R</tipoProjecao>
    <Mes1>22046.80</Mes1>
    <Mes2>23259.3740</Mes2>
    <Mes3>24538.639570</Mes3>
    <Mes4>25888.26474635</Mes4>
    <Mes5>27312.11930739925</Mes5>
    <Mes6>28814.28586930620875</Mes6>
    <Mes7>30399.07159211805023125</Mes7>
    <Mes8>32071.02052968454299396875</Mes8>
    <Mes9>33834.92665881719285863703125</Mes9>
    <Mes10>35695.847625052138465862067969</Mes10>
    <Mes11>37659.119244430006081484481707</Mes11>
    <Mes12>39730.370802873656415966128201</Mes12>
    <Ano2>0</Ano2>
    <Ano3>0</Ano3>
    <Ano4>0</Ano4>
    <Ano5>0</Ano5>
    <taxaCrescimento>5.50</taxaCrescimento>
    <taxaCrescimentoAno>2.30</taxaCrescimentoAno>
    <modoProjecao>C</modoProjecao>
  </Projecao_Receitas>
  <Projecao_Receitas>
    <tipoProjecao>A</tipoProjecao>
    <Mes1>5110.00</Mes1>
    <Mes2>5391.0500</Mes2>
    <Mes3>5687.557750</Mes3>
    <Mes4>6000.37342625</Mes4>
    <Mes5>6330.39396469375</Mes5>
    <Mes6>6678.56563275190625</Mes6>
    <Mes7>7045.88674255326109375</Mes7>
    <Mes8>7433.41051339369045390625</Mes8>
    <Mes9>7842.24809163034342887109375</Mes9>
    <Mes10>8273.571736670012317459003906</Mes10>
    <Mes11>8728.618182186862994919249121</Mes11>
    <Mes12>9208.692182207140459639807823</Mes12>
    <Ano2>0</Ano2>
    <Ano3>0</Ano3>
    <Ano4>0</Ano4>
    <Ano5>0</Ano5>
    <taxaCrescimento>5.50</taxaCrescimento>
    <taxaCrescimentoAno>2.30</taxaCrescimentoAno>
    <modoProjecao>C</modoProjecao>
  </Projecao_Receitas>
  <Projecao_Receitas>
    <tipoProjecao>C</tipoProjecao>
    <Mes1>0.00</Mes1>
    <Mes2>0.0000</Mes2>
    <Mes3>0.000000</Mes3>
    <Mes4>0.00000000</Mes4>
    <Mes5>0.0000000000</Mes5>
    <Mes6>0.000000000000</Mes6>
    <Mes7>0.00000000000000</Mes7>
    <Mes8>0.0000000000000000</Mes8>
    <Mes9>0.000000000000000000</Mes9>
    <Mes10>0.00000000000000000000</Mes10>
    <Mes11>0.0000000000000000000000</Mes11>
    <Mes12>0.000000000000000000000000</Mes12>
    <Ano2>0</Ano2>
    <Ano3>0</Ano3>
    <Ano4>0</Ano4>
    <Ano5>0</Ano5>
    <taxaCrescimento>5.50</taxaCrescimento>
    <taxaCrescimentoAno>2.30</taxaCrescimentoAno>
    <modoProjecao>C</modoProjecao>
  </Projecao_Receitas>
  <Projecao_Receitas>
    <tipoProjecao>D</tipoProjecao>
    <Mes1>638.22</Mes1>
    <Mes2>1569.74</Mes2>
    <Mes3>2552.50</Mes3>
    <Mes4>3589.31</Mes4>
    <Mes5>4683.15</Mes5>
    <Mes6>5837.14</Mes6>
    <Mes7>7054.60</Mes7>
    <Mes8>8339.03</Mes8>
    <Mes9>9694.10</Mes9>
    <Mes10>11123.70</Mes10>
    <Mes11>12631.92</Mes11>
    <Mes12>14223.10</Mes12>
    <Ano2>0.00</Ano2>
    <Ano3>0.00</Ano3>
    <Ano4>0.00</Ano4>
    <Ano5>0.00</Ano5>
    <taxaCrescimento>0</taxaCrescimento>
    <taxaCrescimentoAno>0</taxaCrescimentoAno>
    <modoProjecao>E</modoProjecao>
  </Projecao_Receitas>
  <Custo_Comercializacao>
    <ds_imposto>IRPJ (Imposto Federal)</ds_imposto>
    <nm_percentual>0</nm_percentual>
  </Custo_Comercializacao>
  <Custo_Comercializacao>
    <ds_imposto>PIS (Imposto Federal)</ds_imposto>
    <nm_percentual>0</nm_percentual>
  </Custo_Comercializacao>
  <Custo_Comercializacao>
    <ds_imposto>COFINS (Imposto Federal)</ds_imposto>
    <nm_percentual>0</nm_percentual>
  </Custo_Comercializacao>
  <Custo_Comercializacao>
    <ds_imposto>IPI (Imposto Federal)</ds_imposto>
    <nm_percentual>0</nm_percentual>
  </Custo_Comercializacao>
  <Custo_Comercializacao>
    <ds_imposto>CSLL (Imposto Federal)</ds_imposto>
    <nm_percentual>0</nm_percentual>
  </Custo_Comercializacao>
  <Custo_Comercializacao>
    <ds_imposto>ICMS (Imposto Estadual)</ds_imposto>
    <nm_percentual>0</nm_percentual>
  </Custo_Comercializacao>
  <Custo_Comercializacao>
    <ds_imposto>ISS (Imposto Municipal)</ds_imposto>
    <nm_percentual>0</nm_percentual>
  </Custo_Comercializacao>
  <Custo_Comercializacao>
    <ds_imposto>Comissões (Gastos com Vendas)</ds_imposto>
    <nm_percentual>0</nm_percentual>
  </Custo_Comercializacao>
  <Custo_Comercializacao>
    <ds_imposto>Propaganda (Gastos com Vendas)</ds_imposto>
    <nm_percentual>0</nm_percentual>
  </Custo_Comercializacao>
  <Custo_Comercializacao>
    <ds_imposto>Taxas de Cartões (Gastos com Vendas)</ds_imposto>
    <nm_percentual>0</nm_percentual>
  </Custo_Comercializacao>
  <Cenario>
    <nm_receita_pessimista>20.00</nm_receita_pessimista>
    <nm_receita_otimista>80.00</nm_receita_otimista>
    <ds_acoes />
  </Cenario>
</DSPlanoNegocio>