<?xml version="1.0" encoding="iso-8859-1" standalone="yes"?>
<agenda_result>
   <entrada_fone_253>
      <entrada id="e1" tipo="pessoa">
		       <nome>Giovani Rubert Librelotto</nome>
		       <email>giovani@unifra.br</email>
		       <telefone>555-1234</telefone>
	     </entrada>
      <entrada id="e2" tipo="pessoa">
			      <nome>Marcos Cassal</nome>
			      <email>cassal@unifra.br</email>
			      <telefone>555-1235</telefone>
		    </entrada>
      <entrada id="e3" tipo="pessoa">
			      <nome>Ana Paula Canal</nome>
			      <email>apc@unifra.br</email>
			      <telefone>555-1236</telefone>
		    </entrada>
      <entrada id="e4" tipo="empresa">
		       <nome>Lavandaria Tudo Branco</nome>
		       <telefone>555-1212</telefone>
	     </entrada>
      <entrada id="e5" tipo="pessoa">
		       <nome>Jos� Alves de Castro</nome>
		       <telefone>555-1231</telefone>
	     </entrada>
      <entrada id="e6" tipo="pessoa">
		       <nome>Giordano Librelotto</nome>
		       <telefone>555-1313</telefone>
	     </entrada>
      <entrada id="e7">
			      <nome>Di�genes Librelotto</nome>
			      <telefone>555-1414</telefone>
		    </entrada>
      <entrada id="e8">
			      <nome>Bianca Librelotto</nome>
			      <telefone>555-1515</telefone>
		    </entrada>
   </entrada_fone_253>
   <mail_unifra>
      <entrada id="e1" tipo="pessoa">
		       <nome>Giovani Rubert Librelotto</nome>
		       <email>giovani@unifra.br</email>
		       <telefone>555-1234</telefone>
	     </entrada>
      <entrada id="e2" tipo="pessoa">
			      <nome>Marcos Cassal</nome>
			      <email>cassal@unifra.br</email>
			      <telefone>555-1235</telefone>
		    </entrada>
      <entrada id="e3" tipo="pessoa">
			      <nome>Ana Paula Canal</nome>
			      <email>apc@unifra.br</email>
			      <telefone>555-1236</telefone>
		    </entrada>
   </mail_unifra>
   <entrada_referencias>
      <nome>Giovani Rubert Librelotto</nome>
      <nome>Giordano Librelotto</nome>
   </entrada_referencias>
</agenda_result>