,paper,conf,year,status
1,58571,1,2010,rejected
2,59379,1,2010,accepted
3,60650,1,2010,rejected
4,60654,1,2010,rejected
5,60679,1,2010,rejected
6,60748,1,2010,rejected
7,60806,1,2010,accepted
8,60830,1,2010,accepted
9,61053,1,2010,rejected
10,61054,1,2010,rejected
11,61063,1,2010,rejected
12,61088,1,2010,rejected
13,61130,1,2010,rejected
14,61131,1,2010,accepted
15,61144,1,2010,accepted
16,61151,1,2010,accepted
17,61174,1,2010,accepted
18,61193,1,2010,rejected
19,61420,1,2010,accepted
20,61432,1,2010,accepted
21,61435,1,2010,rejected
22,61438,1,2010,rejected
23,61446,1,2010,accepted
24,61452,1,2010,rejected
25,61453,1,2010,rejected
26,61454,1,2010,accepted
27,61462,1,2010,rejected
28,61473,1,2010,rejected
29,61478,1,2010,accepted
30,61479,1,2010,accepted
31,61511,1,2010,rejected
32,61534,1,2010,accepted
33,61536,1,2010,accepted
34,61540,1,2010,accepted
35,61541,1,2010,rejected
36,61545,1,2010,rejected
37,61562,1,2010,rejected
38,61570,1,2010,accepted
39,61572,1,2010,rejected
40,61580,1,2010,accepted
41,61636,1,2010,rejected
42,61637,1,2010,rejected
43,61689,1,2010,rejected
44,61695,1,2010,accepted
45,61783,1,2010,accepted
46,61795,1,2010,accepted
47,61810,1,2010,accepted
48,61814,1,2010,rejected
49,61815,1,2010,accepted
50,61816,1,2010,accepted
51,61834,1,2010,accepted
52,61843,1,2010,accepted
53,3,4,1,acepto
54,61881,1,2010,rejected
55,61883,1,2010,rejected
56,61885,1,2010,rejected
57,61931,1,2010,rejected
58,61952,1,2010,rejected
59,61991,1,2010,rejected
60,62167,1,2010,accepted
61,62169,1,2010,accepted
62,62175,1,2010,rejected
63,62178,1,2010,accepted
64,4,1,3,acepto
65,62180,1,2010,rejected
66,62181,1,2010,rejected
67,62194,1,2010,accepted
68,62201,1,2010,accepted
69,62205,1,2010,accepted
70,62206,1,2010,accepted
71,62219,1,2010,rejected
72,62222,1,2010,rejected
73,62241,1,2010,rejected
74,62264,1,2010,rejected
75,62265,1,2010,rejected
76,62266,1,2010,rejected
77,62272,1,2010,rejected
78,62283,1,2010,accepted
79,62296,1,2010,accepted
80,62298,1,2010,accepted
81,62299,1,2010,rejected
82,62301,1,2010,rejected
83,62317,1,2010,rejected
84,62319,1,2010,rejected
85,62320,1,2010,accepted
86,62323,1,2010,accepted
87,62327,1,2010,rejected
88,62330,1,2010,rejected
89,62334,1,2010,accepted
90,62341,1,2010,accepted
91,62342,1,2010,accepted
92,62343,1,2010,accepted
93,62344,1,2010,rejected
94,62345,1,2010,accepted
95,62347,1,2010,accepted
96,62349,1,2010,rejected
97,62351,1,2010,accepted
98,62352,1,2010,accepted
99,62356,1,2010,rejected
100,62359,1,2010,accepted
101,62360,1,2010,accepted
102,62362,1,2010,accepted
103,62366,1,2010,accepted
104,62369,1,2010,rejected
105,62370,1,2010,accepted
106,62372,1,2010,accepted
107,62374,1,2010,rejected
108,62382,1,2010,accepted
109,62383,1,2010,accepted
110,62394,1,2010,accepted
111,62400,1,2010,accepted
112,62408,1,2010,rejected
113,62410,1,2010,rejected
114,62411,1,2010,rejected
115,62412,1,2010,rejected
116,62413,1,2010,accepted
117,62414,1,2010,accepted
118,62415,1,2010,accepted
119,62416,1,2010,accepted
120,62417,1,2010,accepted
121,62418,1,2010,rejected
122,62419,1,2010,rejected
123,1,4,2,rejected
124,62422,1,2010,rejected
125,62425,1,2010,rejected
126,62428,1,2010,rejected
127,62436,1,2010,accepted
128,62438,1,2010,rejected
129,62439,1,2010,rejected
130,62440,1,2010,rejected
131,62442,1,2010,accepted
132,62443,1,2010,accepted
133,62444,1,2010,accepted
134,62446,1,2010,rejected
135,62447,1,2010,rejected
136,62448,1,2010,accepted
137,62450,1,2010,accepted
138,62451,1,2010,accepted
139,62452,1,2010,accepted
140,62454,1,2010,accepted
141,62455,1,2010,rejected
142,62456,1,2010,rejected
143,4,3,1,**
144,62459,1,2010,accepted
145,62461,1,2010,rejected
146,62462,1,2010,accepted
147,62463,1,2010,accepted
148,62464,1,2010,accepted
149,62466,1,2010,rejected
150,62467,1,2010,accepted
151,62468,1,2010,rejected
152,62469,1,2010,rejected
153,62470,1,2010,rejected
154,62471,1,2010,accepted
155,62472,1,2010,accepted
156,62473,1,2010,accepted
157,62474,1,2010,rejected
158,62476,1,2010,rejected
159,62477,1,2010,accepted
160,62478,1,2010,rejected
161,62479,1,2010,accepted
162,62480,1,2010,rejected
163,62481,1,2010,rejected
164,62482,1,2010,accepted
165,62483,1,2010,accepted
166,62484,1,2010,rejected
167,62486,1,2010,accepted
168,62487,1,2010,accepted
169,62491,1,2010,rejected
170,62492,1,2010,rejected
171,62493,1,2010,accepted
172,62494,1,2010,accepted
173,62495,1,2010,rejected
174,62497,1,2010,rejected
175,62498,1,2010,accepted
176,62499,1,2010,accepted
177,62500,1,2010,accepted
178,62501,1,2010,accepted
179,62503,1,2010,accepted
180,62504,1,2010,rejected
181,62505,1,2010,accepted
182,62507,1,2010,accepted
183,62508,1,2010,accepted
184,62509,1,2010,accepted
185,62511,1,2010,accepted
186,1,3,2,rejected
187,62515,1,2010,accepted
188,62516,1,2010,rejected
189,62519,1,2010,accepted
190,62520,1,2010,accepted
191,62521,1,2010,rejected
192,62522,1,2010,accepted
193,62523,1,2010,accepted
194,62524,1,2010,accepted
195,62525,1,2010,accepted
196,62526,1,2010,accepted
197,62527,1,2010,accepted
198,62528,1,2010,accepted
199,62529,1,2010,accepted
200,62530,1,2010,rejected
201,62531,1,2010,accepted
202,62532,1,2010,rejected
203,62533,1,2010,rejected
204,62535,1,2010,accepted
205,62537,1,2010,rejected
206,62538,1,2010,accepted
207,62539,1,2010,accepted
208,62542,1,2010,accepted
209,62543,1,2010,accepted
210,62544,1,2010,rejected
211,62546,1,2010,accepted
212,2,4,1,**
213,62549,1,2010,accepted
214,62551,1,2010,accepted
215,62552,1,2010,accepted
216,62553,1,2010,accepted
217,62572,1,2010,accepted
218,62898,1,2010,accepted
219,68089,2,2010,rejected
220,68525,2,2010,rejected
221,69419,2,2010,rejected
222,69845,2,2010,rejected
223,70580,2,2010,rejected
224,70702,2,2010,accepted
225,70722,2,2010,rejected
226,70781,2,2010,rejected
227,70782,2,2010,accepted
228,70836,2,2010,rejected
229,70868,2,2010,rejected
230,70874,2,2010,accepted
231,70882,2,2010,rejected
232,71185,2,2010,accepted
233,71209,2,2010,rejected
234,71295,2,2010,accepted
235,72700,2,2010,accepted
236,72833,2,2010,rejected
237,72840,2,2010,accepted
238,72860,2,2010,rejected
239,72870,2,2010,rejected
240,72874,2,2010,rejected
241,72885,2,2010,accepted
242,72921,2,2010,accepted
243,72927,2,2010,rejected
244,72931,2,2010,accepted
245,72959,2,2010,accepted
246,72963,2,2010,accepted
247,72976,2,2010,accepted
248,72993,2,2010,rejected
249,73007,2,2010,rejected
250,73038,2,2010,accepted
251,73039,2,2010,rejected
252,73040,2,2010,accepted
253,73042,2,2010,rejected
254,73044,2,2010,accepted
255,73066,2,2010,accepted
256,73087,2,2010,rejected
257,73120,2,2010,rejected
258,73152,2,2010,rejected
259,73171,2,2010,accepted
260,73173,2,2010,rejected
261,73175,2,2010,rejected
262,73176,2,2010,rejected
263,73207,2,2010,accepted
264,73216,2,2010,accepted
265,73219,2,2010,accepted
266,73223,2,2010,rejected
267,73230,2,2010,accepted
268,73243,2,2010,rejected
269,73314,2,2010,accepted
270,73356,2,2010,accepted
271,73385,2,2010,accepted
272,1,2,4,accepted
273,73453,2,2010,rejected
274,1,2,4,acepto
275,73460,2,2010,accepted
276,73493,2,2010,accepted
277,73510,2,2010,accepted
278,73516,2,2010,accepted
279,73519,2,2010,rejected
280,73526,2,2010,accepted
281,73556,2,2010,accepted
282,73557,2,2010,rejected
283,73558,2,2010,accepted
284,73626,2,2010,rejected
285,73647,2,2010,rejected
286,73649,2,2010,accepted
287,73666,2,2010,accepted
288,73710,2,2010,accepted
289,73730,2,2010,accepted
290,73732,2,2010,accepted
291,73734,2,2010,accepted
292,73735,2,2010,rejected
293,73777,2,2010,accepted
294,73780,2,2010,rejected
295,73807,2,2010,rejected
296,73808,2,2010,accepted
297,73809,2,2010,accepted
298,73811,2,2010,accepted
299,73819,2,2010,accepted
300,73820,2,2010,accepted
301,73821,2,2010,accepted
302,73823,2,2010,rejected
303,73835,2,2010,accepted
304,73836,2,2010,accepted
305,73837,2,2010,accepted
306,73838,2,2010,accepted
307,73839,2,2010,accepted
308,73841,2,2010,accepted
309,73852,2,2010,rejected
310,73864,2,2010,rejected
311,73865,2,2010,accepted
312,73867,2,2010,accepted
313,73870,2,2010,accepted
314,73871,2,2010,accepted
315,73872,2,2010,accepted
316,73873,2,2010,accepted
317,73874,2,2010,accepted
318,73875,2,2010,accepted
319,73878,2,2010,rejected
320,73879,2,2010,rejected
321,73880,2,2010,accepted
322,73882,2,2010,rejected
323,73883,2,2010,accepted
324,73884,2,2010,rejected
325,73885,2,2010,rejected
326,73890,2,2010,accepted
327,73891,2,2010,accepted
328,73892,2,2010,accepted
329,73894,2,2010,rejected
330,73897,2,2010,rejected
331,73898,2,2010,accepted
332,73899,2,2010,accepted
333,73900,2,2010,accepted
334,73901,2,2010,accepted
335,73902,2,2010,accepted
336,73906,2,2010,accepted
337,73908,2,2010,accepted
338,73912,2,2010,rejected
339,73914,2,2010,accepted
340,73917,2,2010,accepted
341,73918,2,2010,accepted
342,73921,2,2010,accepted
343,73923,2,2010,accepted
344,73926,2,2010,accepted
345,73927,2,2010,rejected
346,73929,2,2010,accepted
347,73933,2,2010,accepted
348,73935,2,2010,accepted
349,73936,2,2010,rejected
350,73937,2,2010,accepted
351,73943,2,2010,accepted
352,73944,2,2010,accepted
353,73945,2,2010,accepted
354,73946,2,2010,accepted
355,73949,2,2010,rejected
356,73951,2,2010,rejected
357,73955,2,2010,accepted
358,73956,2,2010,rejected
359,73958,2,2010,accepted
360,73962,2,2010,rejected
361,73966,2,2010,rejected
362,73969,2,2010,accepted
363,73970,2,2010,accepted
364,73972,2,2010,accepted
365,73981,2,2010,accepted
366,73986,2,2010,accepted
367,73989,2,2010,rejected
368,73991,2,2010,accepted
369,2,1,3,**
370,73995,2,2010,rejected
371,4,3,2,?!
372,74048,2,2010,rejected
373,74052,2,2010,accepted
374,74067,2,2010,accepted
375,2,3,4,**
376,74082,2,2010,rejected
377,74095,2,2010,accepted
378,74160,2,2010,accepted
379,77291,3,2011,accepted
380,77335,3,2011,rejected
381,77442,3,2011,rejected
382,77597,3,2011,accepted
383,77655,3,2011,accepted
384,77696,3,2011,accepted
385,77709,3,2011,accepted
386,77723,3,2011,rejected
387,77741,3,2011,accepted
388,77785,3,2011,accepted
389,77795,3,2011,rejected
390,77823,3,2011,accepted
391,77825,3,2011,accepted
392,77826,3,2011,accepted
393,77982,3,2011,accepted
394,2,3,4,acepto
395,78075,3,2011,rejected
396,78083,3,2011,accepted
397,78085,3,2011,accepted
398,78118,3,2011,accepted
399,78188,3,2011,accepted
400,78192,3,2011,rejected
401,78196,3,2011,rejected
402,1,4,2,acepto
403,78215,3,2011,accepted
404,78222,3,2011,accepted
405,78224,3,2011,accepted
406,78286,3,2011,rejected
407,78287,3,2011,rejected
408,78288,3,2011,accepted
409,78291,3,2011,accepted
410,78295,3,2011,rejected
411,78297,3,2011,accepted
412,78310,3,2011,accepted
413,78311,3,2011,accepted
414,78323,3,2011,rejected
415,78336,3,2011,accepted
416,78338,3,2011,rejected
417,78339,3,2011,accepted
418,78343,3,2011,rejected
419,78349,3,2011,rejected
420,78351,3,2011,accepted
421,78363,3,2011,accepted
422,78367,3,2011,rejected
423,78368,3,2011,accepted
424,78371,3,2011,accepted
425,78372,3,2011,accepted
426,78379,3,2011,accepted
427,78384,3,2011,rejected
428,78386,3,2011,accepted
429,78387,3,2011,accepted
430,78388,3,2011,accepted
431,78390,3,2011,accepted
432,78391,3,2011,accepted
433,78392,3,2011,accepted
434,78394,3,2011,accepted
435,78399,3,2011,accepted
436,78400,3,2011,rejected
437,78404,3,2011,accepted
438,78413,3,2011,accepted
439,78415,3,2011,accepted
440,78416,3,2011,accepted
441,78418,3,2011,accepted
442,78421,3,2011,accepted
443,78423,3,2011,rejected
444,78427,3,2011,accepted
445,78428,3,2011,rejected
446,78430,3,2011,accepted
447,78433,3,2011,accepted
448,78435,3,2011,accepted
449,78438,3,2011,accepted
450,78442,3,2011,accepted
451,78449,3,2011,accepted
452,78456,3,2011,accepted
453,78461,3,2011,accepted
454,78466,3,2011,accepted
455,78467,3,2011,rejected
456,78468,3,2011,accepted
457,78482,3,2011,accepted
458,78483,3,2011,rejected
459,1,2,4,acepto
460,78492,3,2011,accepted
461,78494,3,2011,rejected
462,78495,3,2011,accepted
463,78502,3,2011,accepted
464,78512,3,2011,accepted
465,78513,3,2011,accepted
466,78557,3,2011,accepted
467,78564,3,2011,rejected
468,78578,3,2011,rejected
469,78972,3,2011,accepted
470,78989,3,2011,accepted
471,4,3,2,**
472,80682,3,2011,rejected
473,80683,3,2011,rejected
474,80686,3,2011,rejected
475,80786,3,2011,rejected
476,80810,3,2011,accepted
477,80813,3,2011,accepted
478,80830,3,2011,accepted
479,80834,3,2011,rejected
480,80839,3,2011,rejected
481,80842,3,2011,rejected
482,80843,3,2011,rejected
483,80848,3,2011,rejected
484,80854,3,2011,rejected
485,80865,3,2011,rejected
486,3,1,4,acepto
487,81151,4,2011,rejected
488,82552,4,2011,rejected
489,82833,4,2011,rejected
490,83282,4,2011,rejected
491,83910,4,2011,rejected
492,83982,4,2011,rejected
493,84007,4,2011,accepted
494,84037,4,2011,accepted
495,84054,4,2011,accepted
496,84098,4,2011,accepted
497,84100,4,2011,rejected
498,84134,4,2011,accepted
499,84143,4,2011,accepted
500,84150,4,2011,accepted
501,84176,4,2011,rejected
502,84177,4,2011,accepted
503,84178,4,2011,rejected
504,84179,4,2011,rejected
505,84187,4,2011,accepted
506,84191,4,2011,rejected
507,84193,4,2011,accepted
508,84196,4,2011,accepted
509,84212,4,2011,rejected
510,84215,4,2011,rejected
511,84216,4,2011,accepted
512,84218,4,2011,rejected
513,84220,4,2011,accepted
514,84221,4,2011,accepted
515,84222,4,2011,accepted
516,84224,4,2011,accepted
517,84227,4,2011,accepted
518,84230,4,2011,accepted
519,84231,4,2011,accepted
520,84238,4,2011,accepted
521,4,1,2,accepted
522,84242,4,2011,accepted
523,84251,4,2011,accepted
524,84254,4,2011,accepted
525,84256,4,2011,rejected
526,84261,4,2011,accepted
527,84266,4,2011,accepted
528,84270,4,2011,accepted
529,84273,4,2011,accepted
530,84289,4,2011,accepted
531,84292,4,2011,accepted
532,3,2,4,**
533,84322,4,2011,rejected
534,84323,4,2011,accepted
535,84325,4,2011,rejected
536,84342,4,2011,accepted
537,84346,4,2011,rejected
538,84351,4,2011,accepted
539,84356,4,2011,accepted
540,84357,4,2011,rejected
541,84373,4,2011,rejected
542,84377,4,2011,rejected
543,84379,4,2011,rejected
544,84396,4,2011,accepted
545,84401,4,2011,rejected
546,84403,4,2011,rejected
547,84408,4,2011,accepted
548,84416,4,2011,rejected
549,85474,4,2011,accepted
550,85589,4,2011,rejected
551,85590,4,2011,rejected
552,85591,4,2011,accepted
553,85602,4,2011,rejected
554,85610,4,2011,rejected
555,85615,4,2011,rejected
556,85633,4,2011,rejected
557,85636,4,2011,rejected
558,85646,4,2011,rejected
559,85649,4,2011,accepted
560,85651,4,2011,rejected
561,85673,4,2011,accepted
562,85678,4,2011,accepted
563,85681,4,2011,rejected
564,85692,4,2011,accepted
565,85694,4,2011,rejected
566,85699,4,2011,rejected
567,85700,4,2011,rejected
568,85720,4,2011,accepted
569,85725,4,2011,accepted
570,85731,4,2011,accepted
571,85732,4,2011,accepted
572,85742,4,2011,rejected
573,85743,4,2011,accepted
574,85810,4,2011,rejected
575,85956,4,2011,rejected
576,87854,4,2011,accepted
577,88535,4,2011,accepted
578,88558,4,2011,accepted
579,88247,5,2012,rejected
580,90921,5,2012,accepted
581,90939,5,2012,accepted
582,91189,5,2012,accepted
583,91432,5,2012,rejected
584,91994,5,2012,accepted
585,92020,5,2012,accepted
586,92082,5,2012,rejected
587,92106,5,2012,accepted
588,92321,5,2012,accepted
589,92365,5,2012,accepted
590,92400,5,2012,accepted
591,92405,5,2012,accepted
592,92437,5,2012,accepted
593,92463,5,2012,accepted
594,92507,5,2012,accepted
595,92540,5,2012,rejected
596,92552,5,2012,accepted
597,92553,5,2012,accepted
598,92609,5,2012,accepted
599,92613,5,2012,accepted
600,92618,5,2012,accepted
601,92621,5,2012,rejected
602,92623,5,2012,accepted
603,92660,5,2012,rejected
604,92663,5,2012,rejected
605,92697,5,2012,accepted
606,92704,5,2012,accepted
607,92730,5,2012,accepted
608,92734,5,2012,accepted
609,92738,5,2012,accepted
610,92751,5,2012,accepted
611,92755,5,2012,accepted
612,92787,5,2012,rejected
613,92790,5,2012,rejected
614,92793,5,2012,accepted
615,92802,5,2012,accepted
616,92808,5,2012,accepted
617,92816,5,2012,rejected
618,92829,5,2012,rejected
619,92860,5,2012,accepted
620,92902,5,2012,accepted
621,92907,5,2012,accepted
622,92933,5,2012,accepted
623,92935,5,2012,accepted
624,92940,5,2012,accepted
625,93330,5,2012,accepted
626,93331,5,2012,accepted
627,93332,5,2012,rejected
628,93334,5,2012,accepted
629,93335,5,2012,rejected
630,93336,5,2012,rejected
631,93337,5,2012,rejected
632,93343,5,2012,rejected
633,93347,5,2012,rejected
634,93357,5,2012,accepted
635,93365,5,2012,rejected
636,93366,5,2012,accepted
637,93367,5,2012,accepted
638,93368,5,2012,accepted
639,93369,5,2012,rejected
640,93370,5,2012,accepted
641,93371,5,2012,accepted
642,93372,5,2012,accepted
643,93373,5,2012,accepted
644,93374,5,2012,accepted
645,93375,5,2012,accepted
646,93377,5,2012,rejected
647,3,1,4,dog
648,93379,5,2012,accepted
649,93380,5,2012,rejected
650,93381,5,2012,accepted
651,93382,5,2012,accepted
652,93384,5,2012,accepted
653,93386,5,2012,accepted
654,93388,5,2012,rejected
655,93394,5,2012,accepted
656,93403,5,2012,accepted
657,93404,5,2012,accepted
658,93419,5,2012,accepted
659,93425,5,2012,accepted
660,93504,5,2012,rejected
661,93510,5,2012,accepted
662,93522,5,2012,accepted
663,93573,5,2012,accepted
664,93597,5,2012,rejected
665,93608,5,2012,rejected
666,93609,5,2012,rejected
667,93620,5,2012,accepted
668,93668,5,2012,accepted
669,93703,5,2012,accepted
670,93705,5,2012,rejected
671,93706,5,2012,rejected
672,93712,5,2012,rejected
673,93733,5,2012,accepted
674,93757,5,2012,rejected
675,93852,5,2012,rejected
676,93855,5,2012,rejected
677,93863,5,2012,accepted
678,93865,5,2012,accepted
679,93898,5,2012,accepted
680,93899,5,2012,rejected
681,93901,5,2012,accepted
682,93902,5,2012,accepted
683,93906,5,2012,accepted
684,93913,5,2012,accepted
685,93915,5,2012,accepted
686,93917,5,2012,accepted
687,93919,5,2012,accepted
688,93921,5,2012,rejected
689,93923,5,2012,accepted
690,93925,5,2012,accepted
691,93926,5,2012,accepted
692,93929,5,2012,rejected
693,93930,5,2012,accepted
694,93931,5,2012,rejected
695,93938,5,2012,accepted
696,93939,5,2012,accepted
697,93941,5,2012,rejected
698,3,1,4,aceito
699,93952,5,2012,rejected
700,93954,5,2012,accepted
701,3,4,1,aceito
702,93958,5,2012,rejected
703,93959,5,2012,accepted
704,93963,5,2012,accepted
705,93967,5,2012,accepted
706,93968,5,2012,rejected
707,93969,5,2012,accepted
708,93970,5,2012,accepted
709,93971,5,2012,accepted
710,93972,5,2012,accepted
711,93973,5,2012,accepted
712,93975,5,2012,rejected
713,93978,5,2012,accepted
714,93981,5,2012,accepted
715,93982,5,2012,accepted
716,93986,5,2012,accepted
717,93989,5,2012,rejected
718,93991,5,2012,accepted
719,93992,5,2012,accepted
720,93993,5,2012,accepted
721,1,4,3,dog
722,93995,5,2012,accepted
723,93997,5,2012,accepted
724,93998,5,2012,accepted
725,93999,5,2012,accepted
726,94000,5,2012,accepted
727,94001,5,2012,rejected
728,94003,5,2012,accepted
729,94004,5,2012,rejected
730,94006,5,2012,accepted
731,94008,5,2012,accepted
732,1,4,2,accepted
733,94010,5,2012,accepted
734,94011,5,2012,rejected
735,94014,5,2012,rejected
736,94018,5,2012,accepted
737,94019,5,2012,rejected
738,94020,5,2012,accepted
739,94021,5,2012,rejected
740,94022,5,2012,rejected
741,94023,5,2012,accepted
742,94024,5,2012,accepted
743,94025,5,2012,accepted
744,94026,5,2012,accepted
745,94029,5,2012,rejected
746,94030,5,2012,rejected
747,94031,5,2012,accepted
748,94032,5,2012,rejected
749,94033,5,2012,accepted
750,94034,5,2012,accepted
751,94035,5,2012,rejected
752,94037,5,2012,accepted
753,94040,5,2012,accepted
754,94041,5,2012,rejected
755,94042,5,2012,accepted
756,94043,5,2012,rejected
757,94044,5,2012,accepted
758,94045,5,2012,rejected
759,94046,5,2012,rejected
760,94048,5,2012,accepted
761,94049,5,2012,rejected
762,94052,5,2012,accepted
763,94053,5,2012,rejected
764,94054,5,2012,accepted
765,3,2,4,aceito
766,94056,5,2012,rejected
767,94057,5,2012,accepted
768,94059,5,2012,accepted
769,94060,5,2012,accepted
770,94061,5,2012,accepted
771,94062,5,2012,accepted
772,94063,5,2012,accepted
773,94064,5,2012,accepted
774,94065,5,2012,rejected
775,94066,5,2012,rejected
776,94067,5,2012,rejected
777,94068,5,2012,accepted
778,94069,5,2012,accepted
779,94070,5,2012,accepted
780,94071,5,2012,accepted
781,94072,5,2012,accepted
782,94073,5,2012,accepted
783,94074,5,2012,rejected
784,94075,5,2012,rejected
785,94076,5,2012,rejected
786,94077,5,2012,accepted
787,94078,5,2012,accepted
788,94079,5,2012,accepted
789,94080,5,2012,accepted
790,1,4,2,aceito
791,94082,5,2012,accepted
792,94083,5,2012,rejected
793,94085,5,2012,rejected
794,94086,5,2012,rejected
795,94087,5,2012,accepted
796,94088,5,2012,accepted
797,94091,5,2012,rejected
798,94092,5,2012,rejected
799,94093,5,2012,accepted
800,94094,5,2012,accepted
801,94095,5,2012,rejected
802,94096,5,2012,accepted
803,94097,5,2012,rejected
804,94098,5,2012,accepted
805,94099,5,2012,accepted
806,94100,5,2012,rejected
807,4,3,2,**
808,94103,5,2012,accepted
809,94104,5,2012,accepted
810,94105,5,2012,accepted
811,94108,5,2012,accepted
812,94109,5,2012,accepted
813,94110,5,2012,rejected
814,94112,5,2012,accepted
815,94115,5,2012,accepted
816,94116,5,2012,accepted
817,94122,5,2012,accepted
818,94138,5,2012,accepted
819,94145,5,2012,rejected
820,98201,6,2012,rejected
821,98202,6,2012,rejected
822,98204,6,2012,accepted
823,98206,6,2012,rejected
824,98223,6,2012,accepted
825,98230,6,2012,rejected
826,98252,6,2012,rejected
827,98266,6,2012,rejected
828,98309,6,2012,accepted
829,98311,6,2012,accepted
830,98315,6,2012,rejected
831,98319,6,2012,accepted
832,98323,6,2012,accepted
833,98329,6,2012,accepted
834,98334,6,2012,accepted
835,98335,6,2012,rejected
836,98338,6,2012,accepted
837,98339,6,2012,accepted
838,98340,6,2012,accepted
839,98342,6,2012,accepted
840,98343,6,2012,accepted
841,3,1,4,rejected
842,98346,6,2012,rejected
843,98347,6,2012,accepted
844,98348,6,2012,accepted
845,98353,6,2012,accepted
846,98354,6,2012,accepted
847,98356,6,2012,rejected
848,98357,6,2012,accepted
849,98360,6,2012,accepted
850,98364,6,2012,rejected
851,98370,6,2012,rejected
852,98372,6,2012,accepted
853,98378,6,2012,accepted
854,98379,6,2012,accepted
855,98382,6,2012,rejected
856,98383,6,2012,accepted
857,98384,6,2012,accepted
858,98386,6,2012,rejected
859,98389,6,2012,accepted
860,98397,6,2012,accepted
861,98423,6,2012,accepted
862,3,2,1,accepted
863,99136,6,2012,rejected
864,99146,6,2012,accepted
865,99150,6,2012,accepted
866,99178,6,2012,accepted
867,99246,6,2012,rejected
868,99252,6,2012,rejected
869,99254,6,2012,rejected
870,99257,6,2012,rejected
871,99298,6,2012,rejected
872,99307,6,2012,rejected
873,99311,6,2012,accepted
874,99324,6,2012,rejected
875,99326,6,2012,rejected
876,99330,6,2012,accepted
877,99332,6,2012,accepted
878,99334,6,2012,accepted
879,4,1,3,dog
880,99336,6,2012,rejected
881,99350,6,2012,accepted
882,99369,6,2012,accepted
883,99374,6,2012,accepted
884,99387,6,2012,accepted
885,99388,6,2012,rejected
886,99390,6,2012,accepted
887,99703,6,2012,accepted
888,99866,6,2012,rejected
889,99878,6,2012,accepted
890,99917,6,2012,rejected
891,99924,6,2012,accepted
892,99925,6,2012,accepted
893,99956,6,2012,rejected
894,99985,6,2012,accepted
895,100026,6,2012,rejected
896,100857,6,2012,accepted
897,101008,6,2012,accepted
898,101009,6,2012,accepted
899,4,3,1,?!
900,101165,6,2012,accepted
901,101176,6,2012,rejected
902,101229,6,2012,accepted
903,101273,6,2012,accepted
904,101286,6,2012,accepted
905,101455,6,2012,accepted
906,101748,6,2012,accepted
907,101750,6,2012,accepted
908,101751,6,2012,accepted
909,101792,6,2012,accepted
910,106396,6,2012,accepted
911,106421,6,2012,accepted
912,106460,6,2012,accepted
913,106464,6,2012,accepted
914,106473,6,2012,accepted
915,106531,6,2012,accepted
916,106552,6,2012,accepted
917,106634,6,2012,accepted
918,1,2,3,rejected
919,1,3,4,accepted
920,108133,6,2012,accepted
921,108134,6,2012,accepted
922,108137,6,2012,accepted
923,108365,6,2012,accepted
924,108366,6,2012,accepted
925,108367,6,2012,accepted
926,108370,6,2012,accepted
927,104088,7,2013,rejected
928,104992,7,2013,rejected
929,105028,7,2013,accepted
930,105276,7,2013,rejected
931,105478,7,2013,rejected
932,106137,7,2013,rejected
933,106209,7,2013,accepted
934,106376,7,2013,accepted
935,106511,7,2013,accepted
936,106538,7,2013,rejected
937,106654,7,2013,accepted
938,106683,7,2013,accepted
939,106767,7,2013,accepted
940,106867,7,2013,accepted
941,106882,7,2013,rejected
942,106885,7,2013,accepted
943,106907,7,2013,accepted
944,106916,7,2013,accepted
945,106928,7,2013,accepted
946,106935,7,2013,accepted
947,106952,7,2013,rejected
948,106954,7,2013,accepted
949,106955,7,2013,accepted
950,106988,7,2013,accepted
951,1,3,2,acepto
952,106999,7,2013,accepted
953,107025,7,2013,accepted
954,107033,7,2013,accepted
955,107055,7,2013,rejected
956,107073,7,2013,rejected
957,107109,7,2013,accepted
958,107112,7,2013,accepted
959,107128,7,2013,rejected
960,107129,7,2013,rejected
961,107144,7,2013,rejected
962,107145,7,2013,accepted
963,107162,7,2013,accepted
964,107163,7,2013,accepted
965,107164,7,2013,accepted
966,107169,7,2013,rejected
967,107170,7,2013,rejected
968,107172,7,2013,rejected
969,107175,7,2013,rejected
970,4,1,2,**
971,107196,7,2013,accepted
972,107197,7,2013,rejected
973,107198,7,2013,accepted
974,107201,7,2013,rejected
975,107215,7,2013,accepted
976,107216,7,2013,accepted
977,107219,7,2013,accepted
978,107220,7,2013,accepted
979,107227,7,2013,accepted
980,107241,7,2013,rejected
981,107242,7,2013,accepted
982,107243,7,2013,accepted
983,107268,7,2013,accepted
984,107270,7,2013,rejected
985,107274,7,2013,accepted
986,107275,7,2013,rejected
987,107277,7,2013,rejected
988,107278,7,2013,rejected
989,107279,7,2013,accepted
990,107280,7,2013,rejected
991,107285,7,2013,rejected
992,107290,7,2013,accepted
993,107291,7,2013,accepted
994,107292,7,2013,rejected
995,107294,7,2013,accepted
996,107296,7,2013,accepted
997,107297,7,2013,rejected
998,107300,7,2013,accepted
999,107301,7,2013,rejected
1000,107305,7,2013,accepted
1001,107306,7,2013,accepted
1002,2,1,4,rejected
1003,107308,7,2013,accepted
1004,107315,7,2013,accepted
1005,107325,7,2013,accepted
1006,107326,7,2013,accepted
1007,107362,7,2013,accepted
1008,107972,7,2013,accepted
1009,108052,7,2013,accepted
1010,108093,7,2013,accepted
1011,108185,7,2013,accepted
1012,108216,7,2013,rejected
1013,108245,7,2013,accepted
1014,108324,7,2013,accepted
1015,108347,7,2013,rejected
1016,108375,7,2013,rejected
1017,108376,7,2013,accepted
1018,108385,7,2013,accepted
1019,108472,7,2013,accepted
1020,108525,7,2013,accepted
1021,108528,7,2013,accepted
1022,108543,7,2013,accepted
1023,108549,7,2013,accepted
1024,108585,7,2013,accepted
1025,108635,7,2013,accepted
1026,108648,7,2013,accepted
1027,108666,7,2013,accepted
1028,108668,7,2013,accepted
1029,108686,7,2013,accepted
1030,3,4,2,acepto
1031,108692,7,2013,accepted
1032,108694,7,2013,accepted
1033,108695,7,2013,accepted
1034,108698,7,2013,accepted
1035,108699,7,2013,accepted
1036,108701,7,2013,accepted
1037,108702,7,2013,accepted
1038,108703,7,2013,accepted
1039,1,3,4,**
1040,108706,7,2013,accepted
1041,108707,7,2013,rejected
1042,108708,7,2013,rejected
1043,108709,7,2013,accepted
1044,108712,7,2013,accepted
1045,108713,7,2013,accepted
1046,108714,7,2013,accepted
1047,108715,7,2013,accepted
1048,108717,7,2013,accepted
1049,108721,7,2013,rejected
1050,108723,7,2013,rejected
1051,108728,7,2013,accepted
1052,108729,7,2013,rejected
1053,1,2,3,?!
1054,108731,7,2013,accepted
1055,108732,7,2013,rejected
1056,108733,7,2013,accepted
1057,108734,7,2013,accepted
1058,108735,7,2013,accepted
1059,108737,7,2013,rejected
1060,108738,7,2013,accepted
1061,108739,7,2013,rejected
1062,108740,7,2013,accepted
1063,108743,7,2013,accepted
1064,108744,7,2013,accepted
1065,108748,7,2013,accepted
1066,108749,7,2013,accepted
1067,108750,7,2013,accepted
1068,108751,7,2013,rejected
1069,108752,7,2013,accepted
1070,108753,7,2013,accepted
1071,108755,7,2013,rejected
1072,108756,7,2013,accepted
1073,108757,7,2013,accepted
1074,108758,7,2013,accepted
1075,108760,7,2013,accepted
1076,108762,7,2013,accepted
1077,108764,7,2013,rejected
1078,108765,7,2013,rejected
1079,108766,7,2013,accepted
1080,108767,7,2013,accepted
1081,108768,7,2013,rejected
1082,4,2,3,?!
1083,108771,7,2013,rejected
1084,108773,7,2013,accepted
1085,108774,7,2013,accepted
1086,108775,7,2013,accepted
1087,108776,7,2013,rejected
1088,108777,7,2013,rejected
1089,108779,7,2013,rejected
1090,108782,7,2013,accepted
1091,108783,7,2013,accepted
1092,108784,7,2013,accepted
1093,108785,7,2013,rejected
1094,108786,7,2013,accepted
1095,108788,7,2013,accepted
1096,3,4,2,accepted
1097,108790,7,2013,accepted
1098,108791,7,2013,rejected
1099,108792,7,2013,accepted
1100,108794,7,2013,rejected
1101,108795,7,2013,accepted
1102,108801,7,2013,accepted
1103,108802,7,2013,accepted
1104,1,3,4,acepto
1105,2,1,4,**
1106,108805,7,2013,rejected
1107,108806,7,2013,accepted
1108,108809,7,2013,accepted
1109,108810,7,2013,accepted
1110,108811,7,2013,accepted
1111,108812,7,2013,accepted
1112,4,2,3,dog
1113,108814,7,2013,rejected
1114,108815,7,2013,rejected
1115,108816,7,2013,accepted
1116,108817,7,2013,accepted
1117,108819,7,2013,accepted
1118,108820,7,2013,accepted
1119,108821,7,2013,accepted
1120,108823,7,2013,accepted
1121,108824,7,2013,accepted
1122,108825,7,2013,rejected
1123,108828,7,2013,rejected
1124,108829,7,2013,accepted
1125,108830,7,2013,rejected
1126,108831,7,2013,accepted
1127,108832,7,2013,accepted
1128,108836,7,2013,accepted
1129,108837,7,2013,accepted
1130,108839,7,2013,accepted
1131,108840,7,2013,rejected
1132,108841,7,2013,accepted
1133,108843,7,2013,rejected
1134,108844,7,2013,accepted
1135,108888,7,2013,rejected
1136,108972,7,2013,accepted
1137,118698,8,2014,accepted
1138,118725,8,2014,accepted
1139,120084,8,2014,accepted
1140,120091,8,2014,accepted
1141,120108,8,2014,accepted
1142,120186,8,2014,accepted
1143,120463,8,2014,accepted
1144,120536,8,2014,accepted
1145,120561,8,2014,accepted
1146,120562,8,2014,rejected
1147,120564,8,2014,rejected
1148,120674,8,2014,accepted
1149,120837,8,2014,rejected
1150,120880,8,2014,rejected
1151,120965,8,2014,rejected
1152,120966,8,2014,accepted
1153,120968,8,2014,rejected
1154,120978,8,2014,accepted
1155,121043,8,2014,accepted
1156,121044,8,2014,rejected
1157,121045,8,2014,accepted
1158,121047,8,2014,accepted
1159,121048,8,2014,accepted
1160,121051,8,2014,accepted
1161,121052,8,2014,accepted
1162,121053,8,2014,accepted
1163,3,2,1,acepto
1164,121055,8,2014,rejected
1165,1,3,2,aceito
1166,121088,8,2014,accepted
1167,121166,8,2014,accepted
1168,121175,8,2014,accepted
1169,121177,8,2014,accepted
1170,121306,8,2014,accepted
1171,121308,8,2014,rejected
1172,121327,8,2014,rejected
1173,121329,8,2014,accepted
1174,121340,8,2014,rejected
1175,121348,8,2014,rejected
1176,121365,8,2014,rejected
1177,121382,8,2014,accepted
1178,121392,8,2014,accepted
1179,121401,8,2014,rejected
1180,121404,8,2014,accepted
1181,121413,8,2014,accepted
1182,121434,8,2014,rejected
1183,121439,8,2014,accepted
1184,121533,8,2014,rejected
1185,121548,8,2014,accepted
1186,121552,8,2014,accepted
1187,121555,8,2014,accepted
1188,121577,8,2014,accepted
1189,121584,8,2014,accepted
1190,121586,8,2014,accepted
1191,121591,8,2014,rejected
1192,121592,8,2014,rejected
1193,121593,8,2014,rejected
1194,121594,8,2014,rejected
1195,121595,8,2014,accepted
1196,121596,8,2014,rejected
1197,121602,8,2014,accepted
1198,121606,8,2014,rejected
1199,1,3,2,**
1200,121620,8,2014,accepted
1201,121623,8,2014,accepted
1202,3,4,2,?!
1203,121627,8,2014,rejected
1204,121631,8,2014,rejected
1205,121632,8,2014,accepted
1206,121634,8,2014,accepted
1207,121635,8,2014,rejected
1208,121637,8,2014,rejected
1209,121638,8,2014,rejected
1210,121639,8,2014,rejected
1211,121640,8,2014,rejected
1212,121643,8,2014,rejected
1213,4,1,3,accepted
1214,121646,8,2014,rejected
1215,121647,8,2014,rejected
1216,121648,8,2014,accepted
1217,121649,8,2014,accepted
1218,121650,8,2014,accepted
1219,121651,8,2014,rejected
1220,4,1,3,accepted
1221,121654,8,2014,accepted
1222,121655,8,2014,rejected
1223,121656,8,2014,accepted
1224,121657,8,2014,rejected
1225,121658,8,2014,accepted
1226,121659,8,2014,accepted
1227,121660,8,2014,accepted
1228,121661,8,2014,accepted
1229,121663,8,2014,accepted
1230,121664,8,2014,accepted
1231,121665,8,2014,accepted
1232,121666,8,2014,rejected
1233,121670,8,2014,rejected
1234,121671,8,2014,accepted
1235,121672,8,2014,accepted
1236,121673,8,2014,accepted
1237,121674,8,2014,accepted
1238,121675,8,2014,rejected
1239,121677,8,2014,accepted
1240,121679,8,2014,accepted
1241,121680,8,2014,accepted
1242,121682,8,2014,accepted
1243,121683,8,2014,accepted
1244,121684,8,2014,rejected
1245,121685,8,2014,rejected
1246,121687,8,2014,rejected
1247,121688,8,2014,rejected
1248,121690,8,2014,accepted
1249,121691,8,2014,accepted
1250,2,1,3,rejected
1251,121695,8,2014,accepted
1252,121696,8,2014,accepted
1253,3,1,2,?!
1254,121698,8,2014,rejected
1255,121699,8,2014,accepted
1256,121700,8,2014,accepted
1257,121702,8,2014,accepted
1258,121703,8,2014,accepted
1259,121704,8,2014,rejected
1260,121705,8,2014,accepted
1261,121706,8,2014,accepted
1262,121707,8,2014,accepted
1263,121708,8,2014,accepted
1264,121709,8,2014,accepted
1265,121724,8,2014,accepted
1266,121726,8,2014,accepted
1267,121735,8,2014,accepted
1268,121749,8,2014,rejected
1269,121750,8,2014,accepted
1270,121751,8,2014,rejected
1271,121764,8,2014,rejected
1272,121765,8,2014,rejected
1273,121775,8,2014,rejected
1274,121785,8,2014,accepted
1275,121801,8,2014,rejected
1276,121802,8,2014,rejected
1277,121809,8,2014,accepted
1278,121810,8,2014,rejected
1279,121819,8,2014,rejected
1280,121825,8,2014,rejected
1281,121827,8,2014,accepted
1282,1,2,3,?!
1283,121835,8,2014,rejected
1284,121836,8,2014,accepted
1285,121844,8,2014,rejected
1286,121872,8,2014,accepted
1287,121932,8,2014,accepted
1288,121968,8,2014,accepted
1289,132694,9,2015,rejected
1290,133296,9,2015,rejected
1291,2,1,3,aceito
1292,133797,9,2015,accepted
1293,133801,9,2015,accepted
1294,133859,9,2015,rejected
1295,133949,9,2015,rejected
1296,133992,9,2015,accepted
1297,134040,9,2015,accepted
1298,134258,9,2015,accepted
1299,134351,9,2015,accepted
1300,134358,9,2015,accepted
1301,134374,9,2015,accepted
1302,134376,9,2015,accepted
1303,134377,9,2015,accepted
1304,134378,9,2015,accepted
1305,134386,9,2015,accepted
1306,134402,9,2015,rejected
1307,134403,9,2015,accepted
1308,134419,9,2015,accepted
1309,134420,9,2015,accepted
1310,134421,9,2015,accepted
1311,134431,9,2015,rejected
1312,134433,9,2015,rejected
1313,134437,9,2015,accepted
1314,134438,9,2015,accepted
1315,134445,9,2015,accepted
1316,134446,9,2015,accepted
1317,134449,9,2015,rejected
1318,134484,9,2015,accepted
1319,134499,9,2015,accepted
1320,134501,9,2015,rejected
1321,134505,9,2015,rejected
1322,134509,9,2015,rejected
1323,134511,9,2015,rejected
1324,134513,9,2015,rejected
1325,134515,9,2015,accepted
1326,134519,9,2015,rejected
1327,134523,9,2015,accepted
1328,134536,9,2015,rejected
1329,1,4,3,aceito
1330,134538,9,2015,rejected
1331,134539,9,2015,accepted
1332,134540,9,2015,accepted
1333,134541,9,2015,accepted
1334,134544,9,2015,accepted
1335,134556,9,2015,accepted
1336,134566,9,2015,accepted
1337,134585,9,2015,accepted
1338,134591,9,2015,accepted
1339,134605,9,2015,accepted
1340,134606,9,2015,rejected
1341,134607,9,2015,accepted
1342,134608,9,2015,accepted
1343,134609,9,2015,rejected
1344,134612,9,2015,accepted
1345,134616,9,2015,accepted
1346,134620,9,2015,accepted
1347,134627,9,2015,accepted
1348,4,2,1,**
1349,134647,9,2015,accepted
1350,134658,9,2015,accepted
1351,134689,9,2015,accepted
1352,134690,9,2015,rejected
1353,4,1,2,dog
1354,134707,9,2015,accepted
1355,135326,9,2015,rejected
1356,135368,9,2015,accepted
1357,135419,9,2015,rejected
1358,135438,9,2015,accepted
1359,135562,9,2015,accepted
1360,137132,9,2015,accepted
1361,137169,9,2015,accepted
1362,137257,9,2015,accepted
1363,137262,9,2015,accepted
1364,137270,9,2015,accepted
1365,137273,9,2015,rejected
1366,137274,9,2015,accepted
1367,4,1,2,**
1368,137283,9,2015,rejected
1369,137284,9,2015,accepted
1370,137285,9,2015,rejected
1371,137287,9,2015,rejected
1372,3,2,4,rejected
1373,137292,9,2015,accepted
1374,137294,9,2015,accepted
1375,137295,9,2015,accepted
1376,137305,9,2015,accepted
1377,137306,9,2015,accepted
1378,137311,9,2015,rejected
1379,137312,9,2015,rejected
1380,137313,9,2015,rejected
1381,137319,9,2015,accepted
1382,137320,9,2015,accepted
1383,137322,9,2015,rejected
1384,137324,9,2015,accepted
1385,137331,9,2015,accepted
1386,137332,9,2015,accepted
1387,137335,9,2015,accepted
1388,137337,9,2015,accepted
1389,137338,9,2015,accepted
1390,137339,9,2015,accepted
1391,137342,9,2015,accepted
1392,137354,9,2015,accepted
1393,137357,9,2015,accepted
1394,137358,9,2015,accepted
1395,137374,9,2015,rejected
1396,137382,9,2015,accepted
1397,137383,9,2015,accepted
1398,137386,9,2015,accepted
1399,137387,9,2015,rejected
1400,137388,9,2015,accepted
1401,137389,9,2015,accepted
1402,137390,9,2015,accepted
1403,137391,9,2015,accepted
1404,137393,9,2015,accepted
1405,137394,9,2015,accepted
1406,137397,9,2015,accepted
1407,137398,9,2015,accepted
1408,137400,9,2015,rejected
1409,137403,9,2015,accepted
1410,1,3,2,dog
1411,137407,9,2015,accepted
1412,137408,9,2015,accepted
1413,137410,9,2015,accepted
1414,137411,9,2015,accepted
1415,137413,9,2015,accepted
1416,137414,9,2015,accepted
1417,137415,9,2015,accepted
1418,137417,9,2015,accepted
1419,137419,9,2015,accepted
1420,137420,9,2015,rejected
1421,137422,9,2015,accepted
1422,137425,9,2015,accepted
1423,137427,9,2015,accepted
1424,137428,9,2015,accepted
1425,137429,9,2015,accepted
1426,137430,9,2015,accepted
1427,137431,9,2015,accepted
1428,137432,9,2015,accepted
1429,137433,9,2015,accepted
1430,137434,9,2015,accepted
1431,137436,9,2015,accepted
1432,137437,9,2015,accepted
1433,137438,9,2015,rejected
1434,137439,9,2015,accepted
1435,137442,9,2015,accepted
1436,137446,9,2015,accepted
1437,137448,9,2015,accepted
1438,137449,9,2015,rejected
1439,137450,9,2015,accepted
1440,137451,9,2015,rejected
1441,137452,9,2015,rejected
1442,137453,9,2015,accepted
1443,137454,9,2015,accepted
1444,137455,9,2015,rejected
1445,137456,9,2015,accepted
1446,137458,9,2015,accepted
1447,137459,9,2015,rejected
1448,137461,9,2015,accepted
1449,137462,9,2015,rejected
1450,137463,9,2015,rejected
1451,137464,9,2015,accepted
1452,137465,9,2015,accepted
1453,137468,9,2015,accepted
1454,137469,9,2015,rejected
1455,137470,9,2015,accepted
1456,137472,9,2015,rejected
1457,4,1,3,accepted
1458,137475,9,2015,accepted
1459,137476,9,2015,accepted
1460,137477,9,2015,rejected
1461,137481,9,2015,accepted
1462,137483,9,2015,accepted
1463,3,1,2,?!
1464,137485,9,2015,rejected
1465,137486,9,2015,accepted
1466,137487,9,2015,accepted
1467,137488,9,2015,accepted
1468,137490,9,2015,rejected
1469,137493,9,2015,accepted
1470,3,1,4,rejected
1471,137498,9,2015,accepted
1472,137500,9,2015,accepted
1473,137503,9,2015,rejected
1474,137504,9,2015,rejected
1475,137506,9,2015,rejected
1476,137508,9,2015,rejected
1477,137513,9,2015,accepted
1478,137516,9,2015,accepted
1479,137517,9,2015,rejected
1480,137518,9,2015,rejected
1481,137522,9,2015,accepted
1482,137525,9,2015,accepted
1483,137531,9,2015,accepted
1484,137595,9,2015,accepted
1485,137597,9,2015,rejected
1486,137598,9,2015,rejected
1487,137611,9,2015,accepted
1488,1570103915,10,2015,rejected
1489,1570116033,10,2015,rejected
1490,1570142765,10,2015,rejected
1491,1570148463,10,2015,accepted
1492,3,4,1,?!
1493,1570151553,10,2015,accepted
1494,1570153299,10,2015,accepted
1495,1570153915,10,2015,rejected
1496,1570154833,10,2015,accepted
1497,1570154881,10,2015,rejected
1498,1570155331,10,2015,rejected
1499,1570158015,10,2015,rejected
1500,1570158711,10,2015,accepted
1501,1570158951,10,2015,accepted
1502,1,3,2,?!
1503,1570160455,10,2015,rejected
1504,1570160459,10,2015,accepted
1505,1570160515,10,2015,accepted
1506,1570160519,10,2015,accepted
1507,1570161213,10,2015,accepted
1508,2,4,3,rejected
1509,1570161747,10,2015,accepted
1510,1570162089,10,2015,rejected
1511,1570162547,10,2015,rejected
1512,1570162837,10,2015,rejected
1513,1570163017,10,2015,accepted
1514,1570163137,10,2015,accepted
1515,1570163151,10,2015,accepted
1516,1570163515,10,2015,accepted
1517,1570163595,10,2015,rejected
1518,1570163599,10,2015,accepted
1519,1570163615,10,2015,rejected
1520,1570163689,10,2015,accepted
1521,1570163711,10,2015,rejected
1522,1570163749,10,2015,accepted
1523,1570163781,10,2015,accepted
1524,1570163791,10,2015,accepted
1525,1570163807,10,2015,rejected
1526,1570163815,10,2015,accepted
1527,1570163819,10,2015,accepted
1528,1570163857,10,2015,accepted
1529,1570163963,10,2015,accepted
1530,1570163993,10,2015,accepted
1531,1570164031,10,2015,accepted
1532,4,3,2,**
1533,1570164177,10,2015,accepted
1534,1570164227,10,2015,rejected
1535,1570164477,10,2015,accepted
1536,1570164527,10,2015,rejected
1537,1570164595,10,2015,rejected
1538,1570164667,10,2015,rejected
1539,1570164703,10,2015,accepted
1540,2,3,1,rejected
1541,1570164825,10,2015,accepted
1542,1570164883,10,2015,rejected
1543,1570164893,10,2015,accepted
1544,1570165025,10,2015,rejected
1545,1570165117,10,2015,rejected
1546,1570165123,10,2015,accepted
1547,1570165141,10,2015,accepted
1548,1570165157,10,2015,rejected
1549,1,4,3,accepted
1550,1570165193,10,2015,rejected
1551,1570165195,10,2015,accepted
1552,1570165213,10,2015,accepted
1553,1570165215,10,2015,rejected
1554,1570165239,10,2015,rejected
1555,1570165241,10,2015,accepted
1556,1570165269,10,2015,accepted
1557,1570165321,10,2015,rejected
1558,1570165361,10,2015,rejected
1559,1570165423,10,2015,accepted
1560,1570165505,10,2015,accepted
1561,1570165805,10,2015,rejected
1562,1570169283,10,2015,rejected
1563,1570171149,10,2015,accepted
1564,1570171569,10,2015,rejected
1565,1570171627,10,2015,rejected
1566,1570172025,10,2015,accepted
1567,1570172041,10,2015,rejected
1568,1570172335,10,2015,rejected
1569,1570172433,10,2015,accepted
1570,1570172565,10,2015,rejected
1571,1570172623,10,2015,accepted
1572,1570172683,10,2015,accepted
1573,1570172717,10,2015,rejected
1574,3,4,2,acepto
1575,1570172831,10,2015,rejected
1576,1570172833,10,2015,accepted
1577,1570172843,10,2015,rejected
1578,1570179447,11,2015,accepted
1579,1570189415,11,2015,accepted
1580,1570191545,11,2015,accepted
1581,1570192701,11,2015,accepted
1582,1570196545,11,2015,rejected
1583,1570196567,11,2015,rejected
1584,1570196959,11,2015,accepted
1585,1570197151,11,2015,rejected
1586,1570197477,11,2015,rejected
1587,1570203415,11,2015,accepted
1588,1570205747,11,2015,accepted
1589,1570206129,11,2015,accepted
1590,1570206201,11,2015,accepted
1591,1570206425,11,2015,accepted
1592,1570206449,11,2015,accepted
1593,1570206455,11,2015,accepted
1594,1570206511,11,2015,rejected
1595,1570206621,11,2015,accepted
1596,1570206661,11,2015,accepted
1597,1570206671,11,2015,rejected
1598,1570207185,11,2015,rejected
1599,148452,12,2016,accepted
1600,148484,12,2016,rejected
1601,148518,12,2016,accepted
1602,148534,12,2016,accepted
1603,148538,12,2016,accepted
1604,148605,12,2016,accepted
1605,148607,12,2016,rejected
1606,148608,12,2016,accepted
1607,4,1,3,accepted
1608,148795,12,2016,accepted
1609,148808,12,2016,accepted
1610,148969,12,2016,accepted
1611,148970,12,2016,accepted
1612,148992,12,2016,accepted
1613,149060,12,2016,rejected
1614,149103,12,2016,accepted
1615,149107,12,2016,accepted
1616,149109,12,2016,accepted
1617,1,2,4,aceito
1618,149123,12,2016,accepted
1619,149188,12,2016,accepted
1620,149269,12,2016,accepted
1621,149305,12,2016,rejected
1622,149348,12,2016,accepted
1623,149543,12,2016,rejected
1624,149549,12,2016,rejected
1625,149551,12,2016,accepted
1626,149552,12,2016,accepted
1627,149557,12,2016,accepted
1628,149562,12,2016,rejected
1629,149564,12,2016,accepted
1630,149571,12,2016,accepted
1631,149577,12,2016,rejected
1632,149581,12,2016,accepted
1633,149583,12,2016,accepted
1634,149585,12,2016,accepted
1635,149586,12,2016,accepted
1636,149590,12,2016,rejected
1637,149597,12,2016,accepted
1638,149612,12,2016,accepted
1639,149613,12,2016,rejected
1640,149618,12,2016,rejected
1641,149619,12,2016,rejected
1642,149621,12,2016,accepted
1643,149622,12,2016,accepted
1644,149623,12,2016,accepted
1645,149624,12,2016,accepted
1646,149631,12,2016,accepted
1647,149632,12,2016,rejected
1648,149633,12,2016,rejected
1649,149634,12,2016,rejected
1650,149635,12,2016,accepted
1651,149636,12,2016,rejected
1652,149638,12,2016,rejected
1653,149640,12,2016,rejected
1654,149643,12,2016,accepted
1655,149644,12,2016,accepted
1656,149645,12,2016,accepted
1657,149646,12,2016,accepted
1658,149647,12,2016,rejected
1659,149649,12,2016,accepted
1660,149650,12,2016,rejected
1661,149652,12,2016,accepted
1662,149653,12,2016,rejected
1663,149654,12,2016,accepted
1664,149659,12,2016,rejected
1665,149661,12,2016,accepted
1666,149664,12,2016,accepted
1667,149665,12,2016,rejected
1668,149666,12,2016,accepted
1669,149669,12,2016,accepted
1670,149673,12,2016,rejected
1671,149675,12,2016,accepted
1672,149676,12,2016,accepted
1673,149681,12,2016,rejected
1674,149683,12,2016,rejected
1675,149685,12,2016,accepted
1676,149688,12,2016,accepted
1677,2,3,4,**
1678,149724,12,2016,rejected
1679,149729,12,2016,accepted
1680,149804,12,2016,accepted
1681,149805,12,2016,accepted
1682,149806,12,2016,rejected
1683,149807,12,2016,accepted
1684,149817,12,2016,accepted
1685,149837,12,2016,accepted
1686,149844,12,2016,accepted
1687,149854,12,2016,rejected
1688,149857,12,2016,accepted
1689,149879,12,2016,rejected
1690,149889,12,2016,accepted
1691,149965,12,2016,rejected
1692,149986,12,2016,accepted
1693,150003,12,2016,accepted
1694,150005,12,2016,accepted
1695,150007,12,2016,rejected
1696,150012,12,2016,rejected
1697,150019,12,2016,accepted
1698,150025,12,2016,accepted
1699,150037,12,2016,accepted
1700,150038,12,2016,rejected
1701,150043,12,2016,accepted
1702,150050,12,2016,rejected
1703,150051,12,2016,accepted
1704,150065,12,2016,accepted
1705,150068,12,2016,accepted
1706,150069,12,2016,accepted
1707,150070,12,2016,accepted
1708,150071,12,2016,accepted
1709,150072,12,2016,accepted
1710,150073,12,2016,rejected
1711,150074,12,2016,accepted
1712,150077,12,2016,rejected
1713,150080,12,2016,rejected
1714,150081,12,2016,rejected
1715,150082,12,2016,accepted
1716,150086,12,2016,accepted
1717,150087,12,2016,accepted
1718,150091,12,2016,accepted
1719,150094,12,2016,accepted
1720,150095,12,2016,accepted
1721,150098,12,2016,accepted
1722,150099,12,2016,rejected
1723,150101,12,2016,accepted
1724,150104,12,2016,accepted
1725,150105,12,2016,rejected
1726,150107,12,2016,rejected
1727,150108,12,2016,accepted
1728,3,4,2,rejected
1729,150111,12,2016,rejected
1730,150116,12,2016,accepted
1731,150117,12,2016,accepted
1732,150119,12,2016,rejected
1733,150121,12,2016,accepted
1734,150122,12,2016,accepted
1735,150123,12,2016,accepted
1736,150126,12,2016,accepted
1737,150128,12,2016,rejected
1738,150130,12,2016,accepted
1739,150133,12,2016,accepted
1740,150134,12,2016,accepted
1741,150135,12,2016,rejected
1742,150136,12,2016,rejected
1743,150137,12,2016,accepted
1744,150138,12,2016,accepted
1745,150139,12,2016,accepted
1746,2,4,3,?!
1747,150152,12,2016,accepted
1748,150158,12,2016,rejected
1749,150160,12,2016,accepted
1750,150167,12,2016,accepted
1751,150168,12,2016,accepted
1752,150172,12,2016,accepted
1753,3,1,4,**
1754,150381,12,2016,rejected
1755,150392,12,2016,rejected
1756,150419,12,2016,accepted
1757,150425,12,2016,accepted
1758,3,1,4,acepto
1759,150429,12,2016,rejected
1760,150431,12,2016,rejected
1761,150434,12,2016,accepted
1762,150439,12,2016,accepted
1763,150452,12,2016,rejected
1764,150454,12,2016,rejected
1765,150457,12,2016,accepted
1766,150464,12,2016,rejected
1767,150466,12,2016,rejected
1768,150467,12,2016,accepted
1769,150469,12,2016,accepted
1770,150470,12,2016,accepted
1771,2,3,4,**
1772,4,2,1,?!
1773,150480,12,2016,accepted
1774,150481,12,2016,accepted
1775,1,3,2,dog
1776,150485,12,2016,rejected
1777,150486,12,2016,rejected
1778,150488,12,2016,rejected
1779,150492,12,2016,accepted
1780,150495,12,2016,accepted
1781,150500,12,2016,rejected
1782,150503,12,2016,rejected
1783,150506,12,2016,rejected
1784,150510,12,2016,accepted
1785,150520,12,2016,rejected
1786,150521,12,2016,rejected
1787,1570264305,13,2016,rejected
1788,1570266846,13,2016,rejected
1789,1570279490,13,2016,rejected
1790,1570279863,13,2016,rejected
1791,1570280496,13,2016,rejected
1792,1570280503,13,2016,accepted
1793,1570280507,13,2016,accepted
1794,1570280653,13,2016,accepted
1795,1570280956,13,2016,rejected
1796,1570281384,13,2016,rejected
1797,1570281399,13,2016,rejected
1798,1570281683,13,2016,rejected
1799,1570281917,13,2016,accepted
1800,1570281979,13,2016,accepted
1801,1570282045,13,2016,accepted
1802,1570282054,13,2016,rejected
1803,1570282110,13,2016,rejected
1804,1570282141,13,2016,accepted
1805,1570282185,13,2016,rejected
1806,1570282203,13,2016,rejected
1807,1570282229,13,2016,rejected
1808,1570282235,13,2016,rejected
1809,1570282295,13,2016,rejected
1810,1570282329,13,2016,rejected
1811,1570282349,13,2016,rejected
1812,1570282597,13,2016,rejected
1813,1570282605,13,2016,accepted
1814,1570282648,13,2016,accepted
1815,1570282670,13,2016,accepted
1816,1570282704,13,2016,rejected
1817,1570282719,13,2016,rejected
1818,1570282724,13,2016,accepted
1819,1570282726,13,2016,accepted
1820,1570282859,13,2016,rejected
1821,1570283452,13,2016,accepted
1822,1570285094,13,2016,accepted
1823,1570285572,13,2016,rejected
1824,1570285669,13,2016,rejected
1825,4,3,1,**
1826,1570285917,13,2016,accepted
1827,1570285991,13,2016,accepted
1828,1570285998,13,2016,rejected
1829,1570286288,13,2016,rejected
1830,1570286355,13,2016,accepted
1831,1570286719,13,2016,rejected
1832,1570287099,13,2016,rejected
1833,1570287120,13,2016,rejected
1834,1570287214,13,2016,accepted
1835,1570287245,13,2016,rejected
1836,1570287289,13,2016,accepted
1837,1570287291,13,2016,accepted
1838,1570287314,13,2016,accepted
1839,1570287330,13,2016,rejected
1840,1570287340,13,2016,rejected
1841,1570287522,13,2016,accepted
1842,1570287526,13,2016,accepted
1843,1570287530,13,2016,accepted
1844,1570287577,13,2016,rejected
1845,1570287662,13,2016,rejected
1846,1570287677,13,2016,rejected
1847,1,3,4,accepted
1848,1570287743,13,2016,accepted
1849,1570287767,13,2016,accepted
1850,1570287768,13,2016,rejected
1851,1570287772,13,2016,rejected
1852,1570287791,13,2016,rejected
1853,1570287799,13,2016,accepted
1854,1570287802,13,2016,rejected
1855,1570287809,13,2016,accepted
1856,1570287816,13,2016,rejected
1857,1570287842,13,2016,rejected
1858,1570287850,13,2016,accepted
1859,1570287851,13,2016,rejected
1860,1570287862,13,2016,accepted
1861,1570287867,13,2016,rejected
1862,1570287869,13,2016,rejected
1863,1570287870,13,2016,accepted
1864,1570287871,13,2016,accepted
1865,1570287875,13,2016,rejected
1866,1570287882,13,2016,rejected
1867,1570288476,13,2016,accepted
1868,1570289597,13,2016,rejected
1869,1570290049,13,2016,rejected
1870,1570290180,13,2016,rejected
1871,1570290312,13,2016,rejected
1872,3,1,4,acepto
1873,1570290691,13,2016,rejected
1874,1570290750,13,2016,accepted
1875,1570290762,13,2016,accepted
1876,1570290785,13,2016,accepted
1877,1570290823,13,2016,rejected
1878,1570290922,13,2016,rejected
1879,1570290966,13,2016,accepted
1880,1570290979,13,2016,rejected
1881,1570291023,13,2016,rejected
1882,1570291071,13,2016,rejected
1883,1570291076,13,2016,rejected
1884,1570291080,13,2016,accepted
1885,1570291117,13,2016,rejected
1886,1570291125,13,2016,accepted
1887,1570291141,13,2016,rejected
1888,1570291156,13,2016,accepted
1889,1570291162,13,2016,rejected
1890,1570291169,13,2016,accepted
1891,1570291185,13,2016,accepted
1892,1570291188,13,2016,rejected
1893,1570291200,13,2016,rejected
1894,1570291208,13,2016,rejected
1895,1570291865,13,2016,accepted
1896,1570310177,13,2016,rejected
1897,162248,14,2017,rejected
1898,162329,14,2017,rejected
1899,163263,14,2017,rejected
1900,163298,14,2017,rejected
1901,163314,14,2017,rejected
1902,163315,14,2017,rejected
1903,163316,14,2017,rejected
1904,163317,14,2017,rejected
1905,163318,14,2017,rejected
1906,1,4,3,accepted
1907,163320,14,2017,rejected
1908,163324,14,2017,accepted
1909,2,1,3,?!
1910,1,3,2,acepto
1911,163693,14,2017,accepted
1912,163701,14,2017,rejected
1913,4,2,1,acepto
1914,163773,14,2017,rejected
1915,163777,14,2017,accepted
1916,163778,14,2017,rejected
1917,163779,14,2017,accepted
1918,163782,14,2017,accepted
1919,163783,14,2017,accepted
1920,163786,14,2017,accepted
1921,163787,14,2017,accepted
1922,163788,14,2017,accepted
1923,163793,14,2017,accepted
1924,163795,14,2017,accepted
1925,163803,14,2017,accepted
1926,163809,14,2017,accepted
1927,163812,14,2017,accepted
1928,163817,14,2017,rejected
1929,163823,14,2017,accepted
1930,163827,14,2017,accepted
1931,163828,14,2017,accepted
1932,163832,14,2017,accepted
1933,NA,NA,NA,NA
1934,163846,14,2017,accepted
1935,163847,14,2017,rejected
1936,163848,14,2017,accepted
1937,163849,14,2017,accepted
1938,163850,14,2017,rejected
1939,163852,14,2017,accepted
1940,163854,14,2017,accepted
1941,163856,14,2017,accepted
1942,163857,14,2017,accepted
1943,163861,14,2017,rejected
1944,163862,14,2017,rejected
1945,163863,14,2017,accepted
1946,163864,14,2017,accepted
1947,163866,14,2017,accepted
1948,163871,14,2017,accepted
1949,163872,14,2017,accepted
1950,163873,14,2017,accepted
1951,163878,14,2017,accepted
1952,163880,14,2017,accepted
1953,163894,14,2017,rejected
1954,163895,14,2017,rejected
1955,163898,14,2017,accepted
1956,163901,14,2017,rejected
1957,163904,14,2017,accepted
1958,163906,14,2017,accepted
1959,163907,14,2017,rejected
1960,163910,14,2017,accepted
1961,163912,14,2017,accepted
1962,3,1,2,rejected
1963,163915,14,2017,accepted
1964,163916,14,2017,accepted
1965,163917,14,2017,accepted
1966,1,2,4,**
1967,163922,14,2017,rejected
1968,163925,14,2017,accepted
1969,163926,14,2017,accepted
1970,163927,14,2017,accepted
1971,163928,14,2017,rejected
1972,163929,14,2017,accepted
1973,163931,14,2017,rejected
1974,163932,14,2017,accepted
1975,163933,14,2017,accepted
1976,163934,14,2017,accepted
1977,163937,14,2017,accepted
1978,163940,14,2017,rejected
1979,163943,14,2017,rejected
1980,163944,14,2017,accepted
1981,163946,14,2017,accepted
1982,163948,14,2017,accepted
1983,163950,14,2017,rejected
1984,163951,14,2017,accepted
1985,163952,14,2017,accepted
1986,163953,14,2017,accepted
1987,163955,14,2017,accepted
1988,163956,14,2017,accepted
1989,163961,14,2017,accepted
1990,163965,14,2017,accepted
1991,163966,14,2017,accepted
1992,163968,14,2017,accepted
1993,163969,14,2017,accepted
1994,163971,14,2017,accepted
1995,163972,14,2017,rejected
1996,163973,14,2017,rejected
1997,163975,14,2017,accepted
1998,163981,14,2017,accepted
1999,163982,14,2017,accepted
2000,163985,14,2017,accepted
2001,163996,14,2017,rejected
2002,163998,14,2017,accepted
2003,164005,14,2017,rejected
2004,164127,14,2017,rejected
2005,164140,14,2017,rejected
2006,164154,14,2017,accepted
2007,164170,14,2017,rejected
2008,164195,14,2017,accepted
2009,164196,14,2017,accepted
2010,164198,14,2017,accepted
2011,164207,14,2017,rejected
2012,164209,14,2017,accepted
2013,164210,14,2017,accepted
2014,164211,14,2017,accepted
2015,164212,14,2017,accepted
2016,164213,14,2017,accepted
2017,164214,14,2017,rejected
2018,164216,14,2017,rejected
2019,164217,14,2017,accepted
2020,164218,14,2017,accepted
2021,164220,14,2017,accepted
2022,164221,14,2017,accepted
2023,164222,14,2017,accepted
2024,164224,14,2017,accepted
2025,164225,14,2017,accepted
2026,164230,14,2017,rejected
2027,164234,14,2017,accepted
2028,164238,14,2017,accepted
2029,164240,14,2017,accepted
2030,164241,14,2017,accepted
2031,164242,14,2017,accepted
2032,164258,14,2017,accepted
2033,164306,14,2017,rejected
2034,164310,14,2017,accepted
2035,164312,14,2017,accepted
2036,164318,14,2017,accepted
2037,164323,14,2017,accepted
2038,164328,14,2017,accepted
2039,164336,14,2017,rejected
2040,1570165185,10,2015,accepted
2041,78213,3,2011,accepted
2042,62547,1,2010,rejected
2043,1570172747,10,2015,rejected
2044,1570287741,13,2016,rejected
2045,150478,12,2016,accepted
2046,137494,9,2015,accepted
2047,73454,2,2010,accepted
2048,137290,9,2015,accepted
2049,62179,1,2010,accepted
2050,108813,7,2013,accepted
2051,137473,9,2015,accepted
2052,150427,12,2016,accepted
2053,73993,2,2010,rejected
2054,106992,7,2013,accepted
2055,93994,5,2012,accepted
2056,1570164757,10,2015,accepted
2057,137405,9,2015,accepted
2058,134644,9,2015,accepted
2059,137275,9,2015,accepted
2060,121626,8,2014,accepted
2061,121059,8,2014,rejected
2062,133304,9,2015,rejected
2063,101087,6,2012,accepted
2064,99335,6,2012,accepted
2065,62458,1,2010,rejected
2066,94009,5,2012,rejected
2067,108730,7,2013,rejected
2068,137484,9,2015,accepted
2069,121834,8,2014,accepted
2070,2,1,4,aceito
2071,134537,9,2015,accepted
2072,163918,14,2017,accepted
2073,108688,7,2013,accepted
2074,108132,6,2012,accepted
2075,108131,6,2012,accepted
2076,107307,7,2013,accepted
2077,93955,5,2012,accepted
2078,121652,8,2014,accepted
2079,74073,2,2010,accepted
2080,1570290687,13,2016,accepted
2081,121645,8,2014,accepted
2082,121693,8,2014,accepted
2083,150110,12,2016,rejected
2084,148735,12,2016,accepted
2085,1570159731,10,2015,rejected
2086,74028,2,2010,rejected
2087,78062,3,2011,rejected
2088,80879,3,2011,accepted
2089,62512,1,2010,accepted
2090,149696,12,2016,rejected
2091,1570164061,10,2015,accepted
2092,108704,7,2013,accepted
2093,149122,12,2016,accepted
2094,73452,2,2010,rejected
2095,108770,7,2013,accepted
2096,108789,7,2013,accepted
2097,93949,5,2012,rejected
2098,84239,4,2011,rejected
2099,93378,5,2012,accepted
2100,121697,8,2014,rejected
2101,99083,6,2012,accepted
2102,108803,7,2013,accepted
2103,1,4,3,accepted
2104,163913,14,2017,accepted
2105,78490,3,2011,accepted
2106,94081,5,2012,rejected
2107,80681,3,2011,accepted
2108,62421,1,2010,rejected
2109,1570285687,13,2016,accepted
2110,163319,14,2017,rejected
2111,1570149801,10,2015,rejected
2112,121617,8,2014,rejected
2113,107178,7,2013,accepted
2114,94101,5,2012,rejected
2115,1570161239,10,2015,rejected
2116,150175,12,2016,accepted
2117,163528,14,2017,accepted
2118,94055,5,2012,rejected
2119,163461,14,2017,accepted
2120,84318,4,2011,rejected
2121,163769,14,2017,rejected
2122,150484,12,2016,accepted
2123,108804,7,2013,accepted
2124,121054,8,2014,accepted
2125,150472,12,2016,accepted
2126,98344,6,2012,accepted
2127,150143,12,2016,accepted
2128,134694,9,2015,accepted
2129,61860,1,2010,rejected
2130,163833,14,2017,rejected
