paper,subtopics
58571,2
59379,13
59379,22
59379,31
60650,2
60650,26
60654,2
60654,55
60679,6
60679,22
60679,38
60748,21
60748,22
60806,27
60806,42
60830,12
60830,39
61053,4
61053,32
61054,26
61054,36
61063,2
61063,55
61088,6
61130,4
61130,25
61130,30
61130,37
61131,8
61131,14
61131,16
61131,22
61144,2
61144,6
61144,52
61151,32
61151,27
61151,26
61151,36
61174,6
61193,26
61420,13
61420,36
61420,39
61420,41
61432,22
61432,3
61432,25
61435,3
61435,22
61435,25
61435,41
61438,2
61438,6
61438,43
61446,10
61446,19
61446,35
61452,5
61452,17
61453,21
61453,30
61454,30
61454,39
61462,5
61462,22
61473,2
61478,2
61478,29
61478,46
61479,1
61479,25
61479,30
61479,53
61511,21
61534,21
61534,41
61534,47
61534,51
61536,2
61536,25
61540,10
61540,22
61540,31
61540,47
61541,2
61541,1
61541,22
61545,3
61545,23
61545,31
61545,52
61562,2
61570,24
61570,26
61572,23
61572,28
61572,32
61580,22
61636,26
61636,6
61636,2
61636,36
61637,6
61637,30
61689,20
61689,32
61695,7
61695,30
61695,31
61783,1
61783,23
61783,29
61783,36
61795,22
61795,30
61810,3
61810,5
61810,14
61810,52
61814,6
61814,26
61815,14
61815,22
61816,3
61816,12
61834,12
61834,23
61834,26
61834,31
61843,15
61843,37
61881,12
61881,26
61881,49
61881,55
61883,6
61883,35
61885,6
61885,41
61931,6
61931,30
61931,36
61952,26
61952,32
61991,6
61991,25
61991,26
61991,53
62167,52
62169,22
62169,31
62175,7
62175,12
62175,25
62175,28
62175,30
62175,38
62175,39
62178,21
62178,23
62180,3
62180,36
62181,41
62194,6
62194,2
62194,35
62201,3
62201,55
62205,12
62206,12
62206,33
62206,37
62219,15
62219,41
62222,1
62222,22
62222,25
62241,7
62241,12
62241,13
62264,6
62265,1
62265,2
62266,36
62272,26
62283,7
62283,17
62283,25
62283,39
62296,35
62296,13
62296,12
62296,39
62298,31
62298,19
62298,16
62298,42
62299,27
62299,33
62301,9
62301,31
62317,1
62317,2
62317,13
62317,30
62317,36
62319,7
62319,39
62319,41
62319,53
62320,2
62320,23
62320,31
62323,13
62323,23
62323,41
62327,21
62327,31
62327,41
62330,37
62330,23
62330,19
62330,16
62330,8
62330,42
62330,47
62334,24
62334,25
62334,46
62334,48
62341,3
62342,10
62342,14
62342,17
62343,3
62343,25
62343,36
62344,22
62345,3
62345,41
62347,30
62349,41
62351,3
62351,22
62352,2
62352,25
62352,31
62356,2
62356,4
62359,13
62359,30
62359,31
62359,41
62360,23
62360,26
62360,33
62362,3
62366,22
62366,25
62366,41
62369,3
62369,49
62370,2
62372,23
62372,17
62372,30
62374,1
62374,30
62382,1
62382,2
62382,36
62383,14
62383,17
62383,53
62394,8
62394,41
62400,41
62408,13
62408,27
62408,31
62408,41
62408,46
62410,35
62410,36
62411,23
62411,25
62411,37
62412,18
62412,27
62413,2
62413,3
62414,15
62414,26
62414,48
62415,38
62415,31
62415,1
62415,47
62416,3
62416,23
62416,30
62417,3
62418,17
62418,14
62418,8
62418,2
62418,19
62419,3
62422,26
62422,15
62422,32
62425,23
62425,25
62425,31
62425,47
62425,48
62428,8
62428,17
62428,27
62436,31
62436,32
62436,41
62438,21
62438,22
62438,53
62439,7
62439,12
62439,13
62439,21
62439,27
62440,30
62440,39
62440,42
62442,3
62442,12
62442,36
62442,51
62442,52
62443,12
62443,23
62443,53
62444,12
62444,22
62444,30
62444,51
62446,3
62447,2
62447,25
62448,3
62448,27
62448,44
62448,55
62450,3
62450,36
62451,25
62452,13
62452,30
62452,41
62454,26
62454,39
62454,41
62455,7
62455,39
62456,2
62456,21
62456,36
62456,47
62459,13
62459,25
62459,55
62461,13
62461,26
62461,31
62462,3
62463,3
62463,36
62464,3
62464,30
62464,55
62466,21
62466,23
62466,27
62467,12
62467,25
62467,30
62468,26
62468,32
62469,10
62469,14
62469,24
62469,42
62470,3
62470,26
62470,36
62471,7
62471,26
62471,30
62471,37
62471,41
62471,46
62471,47
62471,51
62472,21
62473,12
62473,31
62474,2
62476,3
62476,29
62477,3
62477,29
62477,31
62477,46
62478,26
62479,3
62479,12
62480,32
62481,6
62481,25
62481,41
62482,56
62482,25
62483,25
62483,39
62483,52
62484,22
62484,30
62486,30
62486,31
62486,41
62487,14
62487,17
62491,26
62491,32
62492,30
62492,32
62493,21
62493,25
62493,41
62494,3
62494,25
62494,32
62494,39
62495,15
62495,22
62495,31
62495,49
62497,3
62497,12
62497,14
62498,3
62498,30
62499,25
62499,31
62500,30
62500,31
62500,32
62500,39
62500,52
62501,21
62501,27
62501,47
62503,3
62503,12
62504,21
62504,45
62505,12
62505,21
62507,7
62507,23
62507,25
62507,31
62508,2
62508,12
62508,25
62509,37
62509,25
62509,22
62511,31
62511,22
62511,42
62511,53
62515,21
62515,25
62515,44
62516,14
62516,21
62516,28
62516,31
62516,48
62519,10
62519,15
62519,22
62519,25
62519,31
62519,42
62519,56
62520,8
62520,30
62520,31
62521,21
62521,54
62522,1
62522,3
62522,8
62522,22
62522,25
62523,44
62523,41
62523,29
62523,55
62524,22
62524,28
62525,16
62525,26
62525,42
62526,21
62526,23
62527,26
62527,39
62528,2
62528,33
62529,14
62529,16
62529,17
62529,19
62529,25
62529,27
62529,42
62530,7
62530,22
62530,39
62531,2
62531,25
62531,30
62531,52
62532,1
62532,2
62532,6
62533,3
62533,7
62533,23
62533,30
62533,36
62533,52
62533,53
62535,21
62537,23
62537,31
62538,2
62538,25
62538,49
62539,2
62539,30
62539,31
62539,36
62542,8
62542,33
62543,10
62543,23
62543,37
62543,55
62544,2
62544,3
62544,12
62546,13
62546,25
62546,26
62546,55
62549,23
62551,8
62551,14
62551,21
62552,3
62552,13
62552,23
62553,8
62553,14
62553,25
62572,12
62572,39
62898,31
62898,33
68089,22
68089,3
68089,45
68525,31
69419,26
69845,26
69845,22
69845,31
70580,26
70580,30
70702,2
70702,25
70702,32
70722,2
70722,31
70781,21
70781,41
70782,22
70782,6
70836,26
70836,8
70836,39
70868,12
70868,18
70874,26
70874,28
70874,56
70882,3
70882,26
71185,32
71185,33
71185,41
71209,26
71209,36
71295,22
71295,51
72700,3
72833,22
72840,26
72840,30
72840,32
72840,33
72860,25
72860,42
72870,2
72870,31
72874,22
72874,28
72885,26
72885,31
72921,1
72921,2
72921,22
72927,26
72931,35
72931,30
72931,12
72931,39
72959,22
72959,26
72963,21
72963,42
72976,10
72976,19
72976,21
72993,21
72993,41
73007,11
73007,3
73007,35
73038,2
73038,6
73039,16
73039,33
73039,42
73040,3
73040,22
73040,28
73042,21
73044,32
73066,21
73066,44
73087,21
73087,41
73120,1
73120,35
73152,28
73171,33
73173,41
73173,45
73175,21
73175,45
73176,32
73207,17
73207,25
73207,37
73207,42
73216,3
73216,41
73219,3
73219,26
73223,21
73230,4
73230,26
73243,3
73243,12
73243,30
73243,33
73314,12
73314,39
73356,22
73385,25
73385,32
73385,51
73453,1
73453,25
73453,36
73460,23
73460,31
73460,52
73493,14
73493,31
73493,32
73510,1
73510,2
73510,25
73510,26
73516,26
73516,32
73519,25
73526,21
73556,3
73556,12
73556,17
73557,2
73557,8
73557,13
73557,17
73558,26
73558,41
73626,1
73626,2
73626,36
73626,52
73647,6
73649,3
73649,22
73666,11
73666,17
73666,35
73710,3
73710,47
73730,5
73730,8
73730,32
73732,25
73732,27
73732,30
73734,1
73734,2
73735,3
73735,36
73777,1
73777,25
73777,55
73780,26
73807,26
73808,2
73809,47
73809,22
73811,26
73819,32
73819,44
73820,54
73820,25
73820,21
73821,6
73821,35
73823,2
73823,6
73823,22
73835,12
73835,39
73836,23
73836,31
73837,16
73837,25
73837,46
73838,12
73838,26
73838,31
73839,21
73839,31
73841,26
73841,21
73841,53
73852,25
73852,21
73852,41
73864,2
73865,42
73867,9
73867,12
73867,23
73870,32
73871,31
73871,32
73872,25
73873,25
73873,33
73874,22
73874,52
73875,16
73875,27
73875,42
73878,21
73878,55
73879,41
73880,7
73880,25
73880,39
73882,26
73882,33
73882,41
73883,3
73883,55
73884,1
73885,2
73890,3
73890,23
73890,26
73891,3
73891,30
73891,55
73892,3
73892,30
73892,35
73894,10
73894,15
73894,25
73897,12
73897,39
73898,21
73898,33
73899,22
73899,33
73900,3
73900,36
73901,2
73902,3
73902,36
73906,21
73908,2
73908,15
73908,37
73908,40
73912,26
73912,32
73914,23
73914,31
73917,26
73917,19
73917,32
73918,26
73918,32
73921,26
73923,21
73923,25
73926,12
73926,25
73927,17
73927,41
73927,42
73929,14
73933,3
73933,25
73935,26
73935,30
73935,31
73935,39
73936,8
73936,12
73937,26
73943,16
73943,42
73944,16
73945,21
73945,45
73946,32
73946,31
73946,28
73946,55
73949,28
73951,1
73951,2
73951,31
73951,32
73955,3
73955,12
73955,13
73955,31
73955,39
73956,26
73956,30
73956,31
73958,24
73958,35
73962,30
73962,36
73966,30
73966,39
73969,25
73969,23
73969,31
73970,23
73970,28
73972,30
73972,3
73972,31
73981,23
73986,2
73986,7
73986,32
73989,6
73989,23
73989,25
73989,31
73991,2
73991,6
73995,42
74048,2
74048,46
74048,49
74052,25
74067,17
74067,25
74067,31
74067,42
74082,45
74082,42
74095,22
74095,41
74095,55
74160,1
74160,2
74160,52
77291,25
77335,12
77335,23
77335,25
77442,1
77442,2
77442,6
77597,3
77597,26
77597,41
77597,53
77655,22
77655,28
77696,25
77696,13
77696,3
77696,35
77709,3
77709,23
77709,29
77709,52
77709,53
77723,13
77723,21
77723,23
77741,12
77741,13
77741,24
77741,26
77785,3
77785,12
77785,25
77795,22
77795,26
77795,31
77823,26
77823,31
77825,27
77825,30
77825,33
77825,49
77826,30
77826,56
77982,3
77982,22
77982,25
77982,30
78075,12
78075,13
78075,22
78083,26
78083,29
78083,41
78085,1
78085,2
78085,52
78085,54
78118,13
78118,21
78118,24
78188,2
78188,26
78188,35
78192,2
78192,53
78196,13
78196,41
78215,12
78215,21
78215,30
78215,41
78222,3
78222,11
78222,30
78222,52
78224,2
78224,36
78224,47
78286,16
78286,30
78287,22
78287,23
78287,30
78287,32
78287,42
78288,3
78288,4
78288,26
78291,39
78291,55
78295,21
78295,29
78295,41
78297,12
78297,26
78297,31
78310,16
78310,24
78311,13
78311,14
78311,16
78311,18
78311,42
78323,2
78323,35
78336,24
78336,54
78338,25
78338,32
78338,48
78339,15
78339,22
78339,28
78343,3
78343,14
78343,28
78343,32
78343,46
78349,3
78349,12
78349,13
78349,25
78351,2
78351,6
78351,28
78363,1
78363,2
78363,25
78363,30
78363,41
78363,49
78367,21
78367,25
78367,36
78368,4
78368,12
78368,13
78368,52
78368,53
78368,54
78371,3
78371,12
78371,25
78371,30
78371,32
78371,41
78372,2
78372,23
78372,25
78379,2
78379,3
78379,14
78379,23
78379,36
78384,1
78384,2
78384,36
78386,1
78386,6
78386,23
78387,25
78387,26
78387,32
78387,51
78388,2
78388,32
78388,49
78390,26
78390,32
78390,37
78391,3
78391,16
78391,30
78391,31
78391,37
78392,2
78392,31
78394,13
78394,23
78399,14
78399,20
78399,52
78399,54
78400,2
78400,22
78400,49
78404,14
78404,29
78404,42
78404,52
78413,13
78413,23
78413,25
78413,32
78415,10
78415,17
78415,25
78415,32
78416,3
78416,12
78416,18
78418,1
78418,2
78418,6
78421,23
78421,42
78423,13
78423,21
78423,27
78423,28
78423,31
78423,41
78427,2
78427,31
78427,33
78428,14
78428,23
78428,25
78428,35
78428,42
78430,35
78433,12
78433,13
78433,41
78435,3
78435,25
78435,41
78438,55
78438,54
78438,52
78438,27
78438,56
78442,31
78442,22
78442,56
78449,25
78449,35
78456,16
78456,17
78456,31
78456,42
78461,14
78461,19
78461,32
78461,37
78461,42
78466,27
78466,30
78466,33
78466,36
78467,2
78467,3
78467,12
78468,23
78468,32
78468,41
78482,21
78482,41
78483,10
78483,31
78483,35
78492,14
78492,21
78492,27
78492,35
78494,26
78495,10
78495,26
78495,49
78502,21
78502,22
78502,53
78512,30
78512,31
78512,39
78513,14
78513,28
78557,14
78557,22
78564,32
78564,41
78564,50
78578,35
78578,55
78972,45
78989,23
78989,24
78989,55
80682,27
80683,21
80683,42
80686,13
80686,16
80786,42
80810,21
80810,39
80810,42
80813,8
80813,17
80830,41
80830,42
80834,24
80834,27
80834,33
80839,42
80842,31
80842,38
80842,42
80843,13
80843,55
80848,9
80848,10
80854,42
80865,24
80865,42
81151,21
81151,26
82552,7
82552,22
82552,27
82552,30
82552,37
82552,47
82833,27
82833,39
82833,42
83282,31
83282,32
83282,41
83910,22
83982,25
83982,27
83982,32
84007,26
84007,55
84037,12
84037,16
84037,31
84054,14
84054,23
84054,25
84098,3
84098,25
84098,30
84098,36
84100,3
84100,12
84100,23
84100,32
84134,14
84134,27
84134,31
84134,32
84143,39
84143,13
84143,12
84143,7
84143,52
84150,30
84176,22
84176,27
84177,24
84177,48
84178,2
84178,26
84179,26
84179,42
84179,55
84187,13
84187,22
84187,28
84191,2
84193,25
84193,56
84196,17
84196,32
84196,42
84212,36
84212,39
84215,2
84215,6
84215,8
84216,5
84216,6
84218,2
84218,3
84218,30
84220,21
84220,25
84221,31
84221,41
84221,44
84222,23
84222,25
84222,26
84224,2
84224,55
84227,3
84227,23
84227,30
84227,35
84230,17
84230,22
84230,41
84231,13
84231,37
84231,41
84238,21
84238,26
84242,26
84242,33
84251,8
84251,55
84254,23
84254,26
84256,14
84256,22
84261,2
84261,31
84266,21
84266,25
84270,2
84270,23
84270,31
84270,49
84273,35
84273,36
84273,42
84289,25
84289,31
84289,49
84292,41
84322,1
84322,2
84322,12
84323,8
84325,30
84325,52
84342,3
84342,12
84342,18
84346,30
84346,27
84346,35
84351,17
84351,27
84351,30
84351,31
84356,27
84356,25
84356,23
84356,42
84357,31
84357,27
84357,3
84357,41
84373,13
84373,25
84377,2
84377,3
84377,37
84379,2
84379,26
84396,25
84396,34
84401,5
84401,41
84403,5
84403,31
84408,25
84408,31
84408,41
84408,55
84416,26
85474,26
85474,41
85589,3
85589,27
85589,31
85590,1
85590,2
85591,24
85591,40
85591,42
85602,25
85602,41
85610,8
85610,26
85610,30
85615,2
85615,25
85633,26
85633,49
85636,23
85636,37
85646,9
85646,37
85646,39
85649,17
85649,3
85649,2
85649,23
85651,31
85651,41
85651,42
85673,7
85673,55
85678,31
85678,25
85678,2
85678,55
85681,31
85681,41
85681,55
85692,26
85694,2
85694,48
85699,26
85699,42
85700,2
85700,27
85720,3
85720,7
85720,24
85720,25
85720,30
85720,41
85725,22
85725,2
85725,1
85725,52
85731,1
85731,2
85731,36
85732,21
85732,25
85732,44
85742,23
85742,32
85743,35
85743,31
85743,25
85743,10
85743,40
85743,42
85810,38
85810,37
85810,12
85810,39
85956,40
85956,25
85956,21
85956,15
85956,42
87854,10
88535,3
88535,5
88535,8
88558,9
88558,25
88247,2
88247,20
90921,26
90939,25
91189,2
91189,49
91432,9
91432,23
91994,21
91994,25
91994,27
91994,31
91994,51
92020,26
92082,13
92082,28
92106,10
92106,14
92106,17
92106,19
92106,35
92321,26
92321,55
92365,26
92365,49
92400,26
92400,31
92400,39
92400,52
92405,3
92405,47
92437,1
92437,2
92437,25
92437,30
92437,47
92463,4
92463,8
92507,51
92507,46
92507,41
92507,25
92507,12
92507,53
92540,2
92540,53
92552,4
92552,23
92552,26
92552,32
92553,20
92553,43
92609,49
92613,17
92613,27
92618,4
92618,23
92618,30
92618,32
92618,37
92618,53
92621,26
92621,48
92623,10
92623,26
92660,47
92663,6
92663,30
92663,31
92663,46
92663,47
92697,25
92697,39
92697,52
92704,22
92704,25
92704,30
92704,47
92730,30
92730,36
92730,53
92734,4
92734,9
92738,25
92738,30
92738,36
92738,41
92751,10
92751,14
92751,16
92751,22
92751,25
92755,25
92755,31
92755,41
92787,2
92790,1
92790,2
92790,22
92790,25
92790,31
92790,38
92793,1
92793,6
92793,22
92793,30
92802,22
92802,10
92802,49
92808,10
92808,22
92808,53
92816,12
92816,25
92816,30
92816,39
92829,10
92829,25
92860,56
92902,8
92902,10
92902,16
92902,27
92902,51
92907,26
92933,6
92935,10
92935,21
92935,23
92940,10
92940,14
92940,16
92940,21
92940,23
92940,41
92940,45
93330,2
93330,5
93330,36
93331,16
93331,14
93331,17
93331,19
93332,17
93332,31
93332,41
93332,42
93334,3
93334,39
93335,3
93335,10
93335,25
93336,26
93337,10
93337,14
93337,23
93337,42
93337,45
93337,55
93343,21
93347,10
93347,35
93357,14
93357,35
93357,37
93365,1
93365,36
93366,8
93366,14
93366,15
93366,16
93367,2
93367,48
93368,2
93368,6
93368,25
93368,31
93368,41
93368,47
93369,28
93369,32
93369,51
93370,26
93370,53
93370,55
93371,21
93372,49
93373,16
93373,42
93374,55
93375,25
93375,26
93375,52
93375,55
93377,5
93377,8
93379,25
93379,31
93380,22
93380,23
93381,3
93382,54
93384,10
93384,29
93384,35
93386,2
93386,12
93386,25
93386,27
93386,32
93388,54
93388,55
93394,13
93394,26
93394,37
93403,47
93403,51
93404,14
93404,16
93404,17
93404,42
93419,55
93425,26
93425,30
93425,31
93504,5
93504,25
93510,23
93510,26
93510,36
93510,41
93522,6
93573,2
93573,12
93573,35
93573,53
93597,37
93597,47
93608,21
93609,12
93609,30
93620,6
93620,23
93620,36
93668,23
93668,22
93703,12
93703,26
93703,39
93705,47
93706,29
93706,12
93706,7
93706,46
93712,19
93712,17
93712,10
93712,35
93712,52
93733,22
93733,28
93733,41
93757,8
93757,10
93852,26
93855,7
93855,22
93855,25
93863,35
93863,17
93863,41
93865,3
93865,23
93865,51
93898,2
93898,6
93898,35
93899,6
93901,2
93901,6
93901,35
93902,2
93902,6
93902,56
93906,22
93906,31
93906,40
93913,21
93913,41
93913,49
93915,1
93915,39
93917,10
93917,32
93917,35
93919,13
93919,26
93919,49
93919,55
93921,2
93921,31
93923,16
93923,25
93923,42
93923,47
93925,25
93925,30
93925,39
93926,25
93926,26
93929,31
93929,52
93930,31
93930,26
93930,25
93930,9
93931,25
93931,30
93931,36
93938,26
93939,14
93939,42
93941,7
93941,22
93941,30
93941,31
93941,39
93952,25
93954,1
93954,2
93954,36
93958,12
93958,39
93959,6
93959,22
93963,2
93963,36
93963,47
93967,21
93967,25
93967,41
93967,51
93968,6
93969,10
93969,25
93970,30
93970,52
93971,31
93971,41
93972,12
93972,33
93973,16
93973,25
93973,52
93973,54
93975,2
93975,18
93975,34
93978,23
93978,28
93978,31
93978,47
93978,49
93978,55
93981,16
93981,30
93981,37
93981,55
93981,56
93982,25
93982,53
93986,1
93986,2
93989,2
93991,2
93991,25
93991,30
93992,2
93993,21
93993,22
93993,23
93995,1
93995,2
93995,31
93995,36
93997,16
93997,25
93997,31
93998,1
93998,2
93998,27
93999,31
93999,35
94000,26
94001,2
94003,16
94003,31
94003,55
94004,3
94004,16
94004,24
94006,2
94006,6
94008,6
94010,2
94010,4
94010,35
94011,41
94011,47
94014,12
94014,41
94018,1
94018,2
94018,26
94018,31
94018,52
94019,2
94019,35
94020,19
94020,17
94020,14
94020,10
94020,9
94020,30
94020,37
94021,51
94021,53
94022,16
94022,24
94022,26
94023,22
94023,32
94023,52
94024,10
94024,14
94025,3
94025,23
94025,31
94025,53
94026,14
94026,16
94029,22
94029,23
94029,52
94029,54
94030,6
94030,16
94030,32
94031,14
94031,16
94032,2
94033,25
94033,26
94033,41
94034,26
94034,28
94034,49
94034,53
94035,12
94035,39
94037,3
94037,5
94037,52
94040,7
94040,23
94040,25
94040,30
94040,31
94041,4
94041,53
94042,2
94042,23
94042,30
94042,32
94042,37
94042,41
94043,49
94043,53
94044,42
94044,21
94044,48
94045,1
94045,2
94045,39
94046,16
94046,17
94046,19
94048,16
94048,19
94048,42
94048,46
94049,7
94049,22
94049,27
94049,31
94052,15
94052,11
94052,35
94053,22
94053,25
94053,30
94053,39
94054,19
94056,42
94056,45
94057,37
94057,36
94057,30
94057,47
94057,48
94057,51
94059,2
94059,25
94059,35
94060,6
94060,26
94060,53
94061,37
94061,41
94061,53
94062,12
94062,24
94062,25
94063,24
94063,39
94063,55
94064,5
94064,21
94064,32
94064,53
94065,3
94065,39
94066,2
94066,53
94067,37
94068,6
94068,25
94068,30
94068,31
94069,16
94069,25
94069,27
94070,12
94070,55
94071,26
94072,10
94072,23
94072,25
94072,29
94072,37
94072,38
94072,55
94073,23
94073,32
94074,12
94074,39
94075,41
94076,8
94076,10
94076,31
94076,42
94077,10
94078,14
94078,17
94078,25
94078,30
94079,26
94079,41
94080,9
94082,1
94082,22
94083,29
94085,36
94085,49
94086,26
94086,29
94087,12
94087,25
94088,21
94088,25
94088,27
94088,31
94091,3
94091,24
94091,26
94092,1
94092,2
94092,31
94093,9
94093,22
94093,29
94093,53
94094,25
94094,42
94095,13
94095,26
94096,13
94097,30
94097,46
94097,55
94098,2
94099,1
94099,22
94100,26
94103,8
94104,5
94104,9
94105,21
94105,41
94108,8
94108,10
94108,48
94109,10
94110,2
94110,6
94110,35
94112,10
94112,14
94112,17
94112,19
94115,5
94115,36
94116,22
94122,35
94122,6
94122,52
94138,21
94138,33
94145,2
94145,12
98201,3
98201,47
98202,2
98202,12
98202,25
98204,3
98204,22
98204,31
98204,41
98204,52
98206,2
98206,30
98206,37
98206,40
98223,14
98223,23
98223,41
98223,47
98230,22
98230,24
98230,31
98252,3
98252,23
98252,30
98252,31
98266,3
98266,23
98266,31
98309,2
98309,31
98309,39
98311,35
98315,14
98315,17
98315,19
98315,23
98315,32
98315,42
98319,2
98319,3
98319,12
98319,38
98319,46
98323,25
98323,22
98323,30
98329,10
98329,13
98334,7
98334,22
98334,25
98334,41
98335,7
98335,23
98335,41
98335,50
98338,25
98338,19
98338,17
98338,14
98338,30
98339,10
98339,22
98339,27
98339,55
98340,47
98340,35
98340,31
98340,29
98340,2
98340,52
98342,25
98342,26
98342,27
98342,41
98343,12
98343,25
98346,23
98346,30
98346,37
98347,16
98347,26
98347,30
98347,32
98348,31
98348,25
98348,11
98348,40
98353,25
98353,30
98353,55
98354,19
98354,29
98354,42
98354,47
98356,10
98356,22
98356,32
98356,37
98357,16
98357,25
98357,27
98357,31
98360,12
98360,18
98360,30
98360,31
98364,3
98364,4
98364,14
98364,23
98370,3
98370,31
98370,35
98370,52
98372,23
98372,26
98372,31
98372,32
98378,12
98378,31
98378,47
98378,51
98379,10
98379,19
98379,23
98379,29
98382,30
98382,23
98382,22
98382,37
98383,14
98383,10
98383,42
98383,47
98384,7
98384,17
98384,26
98384,47
98386,31
98386,32
98389,3
98389,23
98389,29
98389,50
98397,2
98397,22
98397,23
98423,10
98423,14
98423,19
98423,27
99136,14
99136,22
99136,42
99146,14
99146,16
99146,25
99146,47
99146,53
99150,2
99150,25
99150,47
99178,2
99178,16
99178,26
99246,2
99246,47
99246,52
99252,2
99254,1
99254,6
99254,31
99254,47
99257,8
99257,31
99257,37
99298,16
99298,31
99298,32
99298,42
99307,2
99307,3
99307,32
99311,7
99311,12
99311,31
99311,39
99324,6
99324,41
99326,17
99326,22
99326,27
99326,30
99326,37
99326,46
99326,49
99330,13
99330,22
99330,31
99330,37
99330,53
99332,21
99332,27
99332,29
99332,41
99334,10
99334,25
99334,35
99336,32
99336,42
99350,2
99350,6
99350,23
99369,2
99369,10
99369,42
99374,14
99374,35
99374,37
99387,16
99387,27
99387,37
99387,41
99388,21
99388,51
99390,1
99390,31
99390,47
99703,16
99703,26
99703,31
99866,22
99866,23
99866,52
99866,54
99878,2
99878,29
99878,32
99878,52
99917,26
99917,39
99917,53
99924,2
99924,3
99924,12
99924,14
99924,32
99925,1
99925,2
99925,41
99956,2
99956,52
99985,27
99985,19
99985,17
99985,16
99985,14
99985,42
100026,12
100026,25
100026,31
100857,31
100857,41
101008,21
101008,25
101009,21
101009,25
101009,27
101165,43
101165,31
101165,6
101165,2
101165,49
101176,8
101176,14
101176,47
101176,48
101176,49
101229,14
101229,22
101229,25
101229,42
101273,10
101273,14
101273,19
101273,25
101273,29
101273,31
101273,37
101286,30
101286,32
101286,50
101455,16
101455,21
101455,42
101748,1
101748,26
101748,51
101750,23
101750,25
101750,27
101750,39
101751,31
101751,42
101751,45
101751,48
101792,1
101792,26
106396,8
106396,10
106396,29
106396,42
106396,49
106421,8
106421,10
106421,16
106421,23
106460,42
106464,10
106464,17
106464,27
106464,42
106473,16
106473,14
106473,8
106473,19
106531,16
106531,32
106552,14
106552,27
106552,31
106552,32
106552,52
106634,23
106634,17
106634,10
106634,8
106634,31
108133,14
108133,10
108133,9
108133,42
108134,10
108134,16
108134,42
108137,8
108137,10
108137,14
108137,16
108137,42
108365,25
108365,46
108365,55
108366,9
108366,26
108366,42
108367,19
108367,16
108367,25
108370,32
108370,27
108370,2
108370,43
104088,21
104088,22
104992,2
104992,45
105028,24
105028,48
105276,25
105276,21
105276,26
105478,31
106137,41
106137,43
106137,49
106137,55
106209,8
106209,17
106376,26
106376,56
106511,17
106511,14
106511,10
106511,27
106538,26
106538,25
106538,22
106538,52
106654,42
106654,17
106654,16
106654,10
106654,9
106683,22
106683,10
106683,8
106767,8
106767,33
106767,53
106867,2
106867,6
106867,26
106882,9
106882,26
106885,25
106885,17
106885,10
106907,26
106907,33
106916,10
106916,14
106916,16
106916,42
106928,3
106928,29
106928,52
106935,30
106935,55
106952,2
106952,31
106952,49
106954,39
106954,55
106955,8
106955,17
106955,33
106988,17
106988,19
106988,42
106988,49
106999,25
106999,55
107025,12
107033,2
107033,26
107055,36
107055,26
107055,3
107055,49
107073,2
107073,17
107109,22
107109,23
107109,41
107112,45
107128,17
107129,22
107129,31
107129,32
107144,22
107144,34
107144,52
107145,22
107145,34
107145,36
107145,52
107145,53
107162,26
107162,55
107162,56
107163,26
107163,56
107164,41
107164,30
107164,25
107164,42
107169,22
107169,19
107169,25
107170,25
107170,2
107170,52
107172,16
107172,26
107172,42
107172,55
107175,21
107196,12
107196,49
107196,56
107197,9
107197,17
107197,53
107198,49
107198,53
107198,55
107198,56
107201,8
107201,41
107215,9
107215,22
107216,42
107216,19
107216,16
107216,14
107219,23
107219,31
107220,25
107220,17
107220,56
107227,53
107227,22
107227,2
107241,1
107241,22
107241,30
107241,37
107242,17
107242,42
107243,6
107243,47
107268,25
107268,22
107268,42
107270,41
107274,41
107275,39
107275,2
107275,52
107277,12
107278,23
107278,31
107278,41
107279,30
107279,35
107279,36
107280,10
107280,35
107280,52
107285,25
107285,55
107290,21
107290,51
107291,26
107292,25
107292,17
107292,27
107292,32
107294,31
107294,32
107296,23
107297,17
107297,2
107297,1
107297,52
107300,10
107300,17
107300,19
107300,35
107300,42
107300,51
107301,41
107301,45
107305,13
107306,10
107306,14
107306,17
107306,42
107306,55
107308,45
107315,8
107315,10
107315,17
107315,42
107325,49
107325,23
107325,22
107325,56
107326,14
107326,42
107362,8
107362,10
107362,53
107972,7
107972,30
108052,42
108052,27
108052,17
108093,9
108093,10
108093,26
108093,42
108185,36
108216,36
108216,53
108245,25
108245,16
108245,14
108245,42
108324,22
108324,52
108347,36
108347,25
108347,2
108347,53
108375,2
108375,36
108376,17
108376,36
108376,52
108385,7
108385,26
108385,33
108385,36
108472,35
108472,36
108525,47
108525,49
108528,18
108528,26
108543,14
108543,17
108543,19
108543,42
108549,22
108549,56
108585,2
108585,55
108585,56
108635,18
108635,31
108648,35
108648,49
108666,25
108666,56
108668,31
108668,25
108668,2
108668,1
108668,39
108686,16
108686,21
108686,42
108692,4
108692,42
108694,26
108694,30
108695,25
108695,19
108695,1
108695,52
108698,12
108698,18
108699,18
108699,22
108699,25
108699,41
108701,53
108701,52
108701,25
108701,12
108701,55
108702,16
108702,17
108702,42
108703,16
108703,22
108703,42
108706,5
108706,17
108706,35
108707,27
108707,8
108707,36
108708,17
108708,6
108708,2
108708,42
108709,42
108709,55
108712,26
108712,41
108713,22
108713,26
108713,30
108713,50
108714,21
108715,42
108715,55
108717,32
108717,41
108721,26
108721,36
108723,4
108723,22
108723,31
108723,53
108728,12
108728,52
108729,41
108729,49
108731,55
108731,31
108731,22
108732,2
108732,16
108732,42
108733,7
108733,8
108733,30
108733,52
108734,11
108735,42
108735,55
108735,56
108737,17
108737,33
108737,36
108738,2
108738,17
108738,52
108739,35
108739,2
108739,53
108740,16
108740,42
108740,53
108743,8
108743,9
108744,2
108744,6
108744,17
108744,31
108744,38
108744,43
108744,49
108748,31
108748,23
108748,8
108748,53
108749,26
108750,36
108750,35
108750,32
108751,2
108751,12
108751,18
108752,28
108753,26
108753,31
108755,5
108755,23
108755,29
108756,23
108756,36
108757,26
108758,16
108758,31
108758,42
108760,30
108760,41
108762,9
108762,53
108764,9
108764,24
108764,55
108765,16
108765,42
108766,11
108766,41
108767,14
108767,17
108767,19
108767,42
108768,5
108768,35
108768,36
108771,26
108773,53
108773,26
108773,2
108773,55
108774,14
108774,17
108774,42
108775,37
108775,52
108775,53
108776,36
108776,33
108776,26
108776,3
108777,26
108777,36
108779,2
108782,55
108782,56
108783,42
108783,35
108783,27
108783,25
108783,19
108783,17
108783,14
108783,10
108783,8
108784,42
108784,25
108784,16
108784,14
108784,51
108785,17
108785,42
108786,26
108786,30
108786,31
108786,55
108786,56
108788,10
108788,36
108790,16
108790,17
108790,19
108790,42
108791,2
108792,20
108792,21
108792,26
108792,32
108794,26
108794,16
108794,42
108795,42
108795,25
108795,16
108795,55
108801,10
108801,16
108801,17
108801,19
108801,27
108801,35
108801,42
108802,22
108802,31
108802,52
108805,16
108805,19
108805,42
108806,10
108806,16
108806,17
108806,42
108809,7
108809,22
108809,26
108809,31
108809,39
108810,42
108810,36
108810,16
108810,9
108811,2
108811,6
108812,37
108812,36
108812,9
108812,53
108814,19
108814,43
108814,56
108815,51
108815,55
108816,42
108817,53
108817,52
108817,25
108817,55
108819,32
108819,17
108819,9
108819,36
108820,21
108820,22
108820,25
108820,44
108821,9
108821,14
108821,17
108821,42
108823,8
108823,10
108823,17
108823,35
108823,42
108824,26
108824,32
108824,36
108825,52
108828,26
108828,49
108829,12
108830,49
108830,55
108831,42
108831,17
108832,22
108836,9
108836,22
108836,26
108836,52
108836,53
108837,17
108837,35
108837,56
108839,21
108839,26
108839,33
108839,36
108840,5
108840,29
108840,53
108841,8
108841,17
108841,19
108843,16
108843,42
108844,16
108844,17
108844,19
108844,42
108888,2
108888,3
108888,54
108972,10
108972,42
118698,3
118698,26
118698,32
118698,36
118698,53
118725,1
118725,2
118725,51
120084,3
120084,53
120091,21
120091,31
120091,48
120108,2
120108,28
120108,32
120108,46
120108,52
120108,53
120186,3
120186,4
120186,25
120186,29
120186,51
120186,52
120463,3
120463,52
120463,53
120536,1
120536,2
120536,26
120536,41
120561,14
120561,25
120561,32
120561,52
120562,5
120562,47
120564,26
120564,28
120674,1
120674,2
120674,51
120837,12
120837,18
120837,25
120880,10
120880,34
120965,9
120965,32
120966,8
120966,14
120966,25
120966,29
120968,26
120968,36
120978,25
120978,27
120978,31
120978,32
120978,41
120978,53
121043,3
121043,25
121043,47
121044,2
121044,31
121045,26
121045,36
121045,53
121045,55
121047,42
121047,30
121047,16
121047,55
121048,2
121048,23
121048,31
121051,26
121052,7
121052,30
121052,31
121052,37
121052,41
121053,42
121053,19
121053,17
121053,16
121053,47
121055,2
121055,31
121055,49
121088,56
121166,2
121166,25
121166,31
121166,49
121175,22
121175,9
121175,8
121175,26
121177,26
121177,25
121177,16
121177,42
121306,9
121306,23
121306,41
121308,10
121308,22
121308,55
121327,25
121327,41
121327,52
121329,2
121329,31
121329,53
121340,30
121340,25
121340,19
121340,16
121340,38
121340,42
121348,8
121348,9
121348,14
121348,27
121348,49
121365,7
121365,25
121365,51
121382,42
121382,26
121382,16
121382,53
121392,8
121392,22
121392,23
121392,32
121392,52
121392,54
121401,6
121401,36
121401,52
121404,30
121404,25
121404,16
121404,42
121413,8
121413,38
121413,49
121434,20
121434,26
121439,14
121439,31
121439,37
121533,53
121533,40
121533,25
121533,15
121533,5
121548,9
121548,22
121552,6
121552,31
121552,36
121555,3
121555,25
121555,37
121577,42
121577,27
121577,23
121577,56
121584,9
121586,26
121586,16
121586,42
121591,8
121591,22
121592,1
121592,2
121592,31
121592,32
121592,46
121592,47
121592,49
121592,51
121593,37
121593,16
121593,7
121593,42
121594,1
121594,2
121595,1
121595,2
121595,7
121595,39
121595,52
121596,3
121596,36
121602,2
121602,26
121606,26
121606,55
121620,2
121620,6
121620,35
121623,2
121623,35
121623,38
121623,53
121627,6
121627,2
121627,52
121631,25
121632,2
121632,6
121632,35
121634,26
121635,9
121637,3
121637,25
121637,26
121637,28
121637,30
121637,31
121637,39
121638,23
121638,28
121638,30
121638,31
121638,47
121638,51
121639,2
121639,25
121640,8
121640,14
121640,23
121640,25
121643,25
121643,47
121646,23
121646,21
121646,19
121646,3
121646,26
121647,8
121647,9
121647,16
121648,30
121648,27
121648,25
121648,16
121648,42
121649,30
121649,16
121649,42
121650,26
121650,31
121650,41
121650,49
121650,51
121651,42
121651,16
121651,55
121654,16
121654,27
121654,31
121655,32
121655,41
121655,52
121656,2
121656,8
121656,30
121657,22
121657,23
121657,24
121657,25
121657,26
121657,27
121657,28
121657,55
121658,29
121658,25
121658,47
121659,42
121659,25
121659,16
121659,47
121660,25
121660,53
121661,25
121661,41
121663,21
121663,49
121664,2
121664,52
121665,23
121665,25
121665,27
121665,39
121665,55
121666,36
121666,53
121666,55
121670,2
121671,26
121671,31
121671,50
121671,53
121672,36
121672,26
121672,42
121673,14
121673,25
121673,32
121673,52
121673,53
121673,54
121674,3
121674,9
121674,25
121674,36
121674,53
121675,21
121675,24
121675,26
121675,32
121675,41
121675,49
121677,5
121677,9
121677,52
121679,23
121679,25
121679,41
121680,13
121680,21
121680,27
121680,28
121682,27
121682,2
121682,43
121683,22
121683,30
121684,9
121684,25
121684,47
121685,51
121685,42
121685,33
121685,30
121685,16
121685,53
121687,54
121687,42
121687,25
121687,16
121687,55
121688,9
121688,27
121688,32
121690,8
121690,25
121690,32
121691,52
121691,42
121691,16
121691,55
121695,9
121695,47
121696,9
121696,22
121696,23
121696,32
121698,31
121698,41
121699,2
121699,35
121700,2
121700,23
121702,23
121702,28
121702,37
121702,45
121703,27
121703,51
121704,12
121705,22
121705,25
121706,3
121706,25
121706,36
121707,34
121707,37
121708,2
121708,12
121708,25
121709,9
121724,52
121726,55
121735,4
121735,13
121735,26
121749,39
121749,52
121750,8
121750,9
121750,19
121750,52
121751,2
121751,55
121764,11
121764,23
121764,26
121764,41
121765,55
121775,2
121775,52
121785,53
121785,25
121785,9
121785,55
121801,2
121801,6
121801,21
121801,30
121801,36
121802,1
121802,2
121802,6
121802,25
121802,30
121802,47
121809,25
121809,56
121810,25
121810,31
121810,37
121810,53
121819,36
121825,21
121825,32
121827,52
121827,47
121827,42
121827,25
121827,16
121827,54
121835,13
121835,23
121835,30
121835,36
121835,41
121836,9
121836,23
121836,53
121844,2
121844,53
121872,31
121872,27
121872,16
121872,42
121932,31
121932,19
121932,16
121932,8
121932,42
121968,3
121968,52
132694,2
132694,6
132694,35
132694,55
133296,56
133797,26
133797,36
133797,53
133797,55
133801,13
133801,26
133801,55
133859,2
133859,38
133859,52
133949,1
133949,36
133992,2
133992,6
133992,25
134040,45
134040,49
134258,2
134258,17
134258,36
134258,52
134351,41
134351,22
134351,55
134358,16
134358,26
134358,42
134358,53
134358,54
134374,17
134374,29
134374,34
134374,55
134376,5
134376,7
134376,22
134376,53
134377,22
134377,49
134377,55
134377,56
134378,2
134378,53
134386,8
134386,9
134386,53
134402,17
134402,42
134402,47
134402,52
134403,10
134403,47
134403,48
134419,16
134419,26
134419,30
134419,52
134420,26
134420,28
134421,28
134421,36
134431,26
134433,23
134433,49
134433,52
134437,14
134437,17
134437,25
134437,42
134437,55
134438,23
134438,31
134438,36
134445,8
134445,33
134446,42
134446,22
134446,53
134449,3
134449,55
134484,8
134484,10
134484,16
134484,42
134499,2
134499,17
134499,47
134501,2
134501,11
134501,55
134505,21
134505,22
134509,1
134509,2
134509,23
134509,35
134509,51
134511,39
134511,48
134511,52
134513,1
134513,6
134513,30
134513,52
134515,9
134515,10
134515,47
134515,53
134519,26
134519,54
134519,56
134523,2
134523,32
134523,39
134523,54
134536,26
134536,42
134538,2
134538,6
134538,22
134538,30
134538,51
134538,52
134539,8
134539,47
134540,51
134540,52
134541,8
134541,22
134541,52
134544,2
134544,13
134544,19
134544,25
134544,49
134556,8
134556,17
134556,22
134556,51
134566,8
134566,23
134566,25
134585,2
134585,53
134591,9
134591,23
134591,31
134591,53
134605,16
134605,48
134605,52
134606,26
134606,51
134606,52
134606,53
134606,55
134607,8
134607,9
134607,10
134607,25
134607,29
134608,9
134608,41
134608,49
134609,9
134609,17
134609,25
134612,2
134612,23
134612,51
134612,52
134616,18
134616,25
134616,47
134620,9
134620,10
134620,33
134620,36
134627,53
134627,52
134627,42
134627,25
134627,16
134627,12
134647,8
134647,42
134647,53
134647,55
134658,17
134658,16
134658,42
134689,27
134689,41
134689,47
134689,53
134690,9
134690,17
134690,47
134707,28
134707,41
134707,51
135326,2
135326,6
135326,46
135326,52
135368,10
135368,17
135368,23
135368,27
135368,29
135368,52
135419,25
135419,29
135419,47
135419,55
135438,26
135438,32
135438,47
135562,8
135562,17
135562,35
135562,47
137132,2
137132,25
137132,36
137132,52
137132,54
137169,13
137169,43
137257,22
137257,29
137257,49
137257,56
137262,3
137262,26
137262,53
137270,16
137270,17
137270,26
137270,42
137273,16
137273,35
137273,42
137273,52
137274,26
137274,55
137283,3
137283,55
137283,56
137284,2
137284,53
137285,16
137285,22
137285,23
137285,41
137285,53
137287,56
137292,7
137292,45
137292,53
137294,7
137294,12
137294,41
137294,52
137295,4
137295,5
137295,53
137305,23
137305,25
137305,51
137306,2
137306,17
137306,31
137306,49
137311,23
137311,37
137312,6
137312,35
137312,49
137312,53
137313,19
137313,56
137319,2
137319,12
137320,47
137320,25
137320,21
137320,53
137322,3
137322,23
137322,34
137322,55
137324,16
137324,25
137324,42
137324,49
137324,56
137331,16
137331,19
137331,42
137332,53
137332,42
137332,41
137332,12
137335,9
137335,22
137337,2
137337,12
137337,25
137337,31
137337,41
137338,8
137338,16
137338,27
137338,54
137339,21
137339,22
137339,47
137342,9
137342,23
137342,54
137354,2
137354,9
137354,25
137354,26
137354,53
137357,9
137357,25
137357,46
137357,53
137358,7
137358,23
137358,31
137358,39
137358,52
137374,9
137374,22
137374,53
137382,2
137382,29
137382,30
137382,35
137382,47
137382,52
137383,12
137383,18
137383,39
137383,52
137386,53
137386,17
137386,9
137386,8
137386,2
137387,9
137387,22
137387,23
137388,16
137388,27
137388,31
137388,52
137389,41
137389,53
137390,26
137390,53
137391,26
137391,53
137393,2
137393,3
137393,12
137393,30
137393,53
137393,55
137393,56
137394,10
137394,51
137394,52
137397,55
137397,53
137397,49
137398,53
137398,23
137398,9
137398,8
137400,2
137400,25
137400,55
137400,56
137403,17
137403,25
137403,32
137403,36
137407,3
137407,25
137408,8
137408,22
137408,30
137408,51
137408,53
137408,54
137410,53
137410,52
137410,51
137410,36
137410,35
137410,22
137410,2
137411,47
137411,4
137411,2
137413,16
137413,17
137413,42
137413,56
137414,16
137414,34
137414,37
137414,42
137414,55
137415,12
137415,18
137415,31
137415,49
137415,52
137417,2
137417,25
137417,47
137417,52
137419,8
137419,12
137419,25
137419,47
137420,17
137420,42
137420,54
137422,9
137422,21
137422,27
137422,32
137425,2
137425,52
137425,53
137425,54
137427,25
137427,26
137427,51
137427,52
137428,10
137428,19
137428,21
137429,52
137430,2
137430,36
137430,52
137431,17
137431,12
137431,9
137431,47
137431,52
137432,16
137432,17
137432,23
137432,24
137432,47
137432,51
137433,2
137433,9
137433,31
137433,53
137434,9
137434,25
137434,53
137434,55
137436,47
137436,45
137436,10
137436,9
137437,26
137437,54
137437,56
137438,2
137438,35
137438,36
137438,53
137439,9
137439,53
137439,54
137442,41
137442,42
137442,55
137446,26
137446,55
137446,56
137448,19
137448,23
137448,31
137449,8
137449,9
137449,16
137449,23
137449,29
137449,54
137450,10
137450,25
137450,36
137450,53
137451,10
137451,36
137451,37
137451,53
137452,9
137452,12
137452,47
137453,43
137453,53
137453,54
137454,16
137454,17
137455,41
137455,23
137455,44
137456,9
137456,19
137456,23
137456,56
137458,30
137458,42
137459,52
137459,25
137459,3
137461,6
137461,7
137461,8
137461,41
137462,16
137462,27
137462,42
137463,22
137463,51
137464,21
137464,25
137464,34
137464,54
137464,55
137465,55
137465,31
137468,7
137468,9
137468,22
137468,52
137469,25
137469,38
137469,43
137469,49
137470,7
137470,17
137470,25
137470,55
137472,12
137472,41
137472,51
137472,52
137475,12
137475,52
137476,47
137476,42
137476,17
137476,16
137476,8
137477,16
137477,41
137477,42
137477,53
137481,3
137481,9
137481,25
137481,36
137483,23
137483,36
137483,53
137483,54
137485,9
137485,31
137486,8
137486,9
137486,16
137486,23
137486,36
137486,53
137486,54
137487,8
137487,47
137487,48
137488,2
137488,36
137490,23
137490,54
137493,9
137493,11
137493,26
137493,53
137498,1
137498,12
137498,18
137498,23
137498,52
137500,9
137500,12
137500,17
137500,47
137500,52
137503,5
137503,11
137503,30
137504,25
137504,30
137504,49
137504,52
137506,6
137506,22
137506,43
137506,53
137508,3
137508,16
137508,25
137508,42
137508,56
137513,8
137513,17
137513,19
137513,47
137516,8
137516,9
137516,17
137516,36
137516,53
137517,19
137517,38
137517,42
137518,22
137518,31
137518,53
137522,6
137522,26
137522,43
137522,52
137525,1
137525,2
137525,23
137525,31
137531,17
137531,25
137531,56
137595,48
137595,18
137595,16
137597,26
137597,36
137597,53
137597,54
137598,22
137598,41
137611,5
137611,9
137611,23
137611,29
137611,47
1570103915,16
1570103915,20
1570103915,26
1570116033,46
1570116033,18
1570116033,52
1570142765,7
1570142765,12
1570142765,23
1570142765,39
1570142765,42
1570142765,52
1570148463,14
1570148463,36
1570148463,54
1570151553,10
1570151553,14
1570151553,17
1570151553,49
1570153299,6
1570153299,30
1570153299,43
1570153299,56
1570153915,8
1570153915,9
1570153915,17
1570153915,49
1570153915,52
1570153915,55
1570154833,2
1570154833,38
1570154833,53
1570154881,12
1570154881,25
1570154881,52
1570154881,54
1570155331,12
1570155331,54
1570158015,6
1570158015,36
1570158015,52
1570158711,47
1570158711,18
1570158711,12
1570158951,2
1570158951,23
1570158951,53
1570160455,52
1570160455,26
1570160455,9
1570160455,53
1570160459,3
1570160459,26
1570160515,8
1570160515,14
1570160515,17
1570160515,19
1570160515,23
1570160515,27
1570160515,47
1570160519,9
1570160519,26
1570160519,49
1570160519,52
1570160519,53
1570160519,56
1570161213,28
1570161213,53
1570161213,56
1570161747,8
1570161747,17
1570161747,25
1570161747,47
1570161747,53
1570162089,2
1570162089,4
1570162089,53
1570162547,42
1570162547,31
1570162547,30
1570162547,23
1570162547,19
1570162547,55
1570162837,9
1570162837,25
1570162837,27
1570163017,17
1570163017,22
1570163017,42
1570163017,43
1570163017,44
1570163137,23
1570163137,25
1570163137,41
1570163137,49
1570163137,51
1570163137,55
1570163151,9
1570163151,42
1570163151,53
1570163515,55
1570163515,56
1570163595,2
1570163595,6
1570163595,37
1570163595,55
1570163599,26
1570163599,51
1570163599,55
1570163615,54
1570163615,56
1570163689,3
1570163689,22
1570163689,49
1570163689,56
1570163711,28
1570163749,52
1570163749,25
1570163749,12
1570163781,26
1570163781,53
1570163781,55
1570163791,23
1570163791,31
1570163791,41
1570163791,53
1570163807,2
1570163807,22
1570163807,36
1570163815,8
1570163815,9
1570163815,16
1570163815,32
1570163815,43
1570163815,54
1570163819,3
1570163819,41
1570163819,45
1570163819,56
1570163857,16
1570163857,17
1570163857,42
1570163963,22
1570163963,26
1570163963,31
1570163963,51
1570163993,2
1570163993,35
1570163993,52
1570164031,53
1570164031,52
1570164031,42
1570164031,25
1570164031,16
1570164177,8
1570164177,25
1570164177,47
1570164177,52
1570164227,25
1570164227,35
1570164227,43
1570164477,25
1570164477,42
1570164477,47
1570164477,52
1570164527,8
1570164527,9
1570164527,19
1570164527,42
1570164595,16
1570164595,28
1570164595,53
1570164595,54
1570164667,26
1570164667,41
1570164703,21
1570164703,22
1570164703,31
1570164703,49
1570164825,12
1570164825,16
1570164825,17
1570164825,47
1570164825,52
1570164883,41
1570164883,54
1570164893,36
1570164893,39
1570164893,52
1570165025,16
1570165025,17
1570165025,33
1570165025,53
1570165117,26
1570165117,39
1570165117,53
1570165117,55
1570165123,3
1570165123,26
1570165141,2
1570165141,18
1570165141,25
1570165141,38
1570165141,39
1570165141,52
1570165157,2
1570165157,38
1570165157,54
1570165193,9
1570165193,22
1570165195,12
1570165195,48
1570165213,9
1570165213,12
1570165213,18
1570165213,49
1570165213,52
1570165215,21
1570165215,53
1570165239,9
1570165239,22
1570165239,31
1570165239,52
1570165241,8
1570165241,26
1570165241,30
1570165241,54
1570165269,52
1570165269,53
1570165321,30
1570165321,36
1570165361,9
1570165361,26
1570165361,41
1570165361,49
1570165361,53
1570165423,14
1570165423,41
1570165423,42
1570165505,9
1570165505,25
1570165805,16
1570165805,25
1570169283,8
1570169283,9
1570169283,17
1570169283,33
1570169283,36
1570169283,47
1570169283,48
1570169283,52
1570171149,10
1570171149,17
1570171149,52
1570171569,38
1570171569,53
1570171627,36
1570171627,44
1570172025,42
1570172025,31
1570172025,25
1570172025,17
1570172025,12
1570172025,54
1570172041,7
1570172041,31
1570172041,41
1570172335,21
1570172335,36
1570172335,45
1570172433,53
1570172433,25
1570172433,18
1570172433,55
1570172565,3
1570172565,9
1570172565,10
1570172565,26
1570172623,26
1570172623,55
1570172683,9
1570172683,23
1570172683,53
1570172717,5
1570172717,9
1570172831,12
1570172831,18
1570172831,31
1570172831,52
1570172833,12
1570172833,16
1570172833,42
1570172833,43
1570172843,9
1570172843,22
1570179447,9
1570179447,25
1570179447,53
1570179447,54
1570189415,9
1570189415,26
1570189415,31
1570191545,9
1570191545,23
1570191545,30
1570191545,36
1570191545,53
1570192701,2
1570192701,9
1570192701,29
1570192701,52
1570196545,9
1570196545,23
1570196545,53
1570196567,9
1570196567,26
1570196567,53
1570196959,2
1570196959,9
1570196959,53
1570197151,9
1570197151,53
1570197151,54
1570197477,9
1570197477,29
1570197477,32
1570203415,2
1570203415,8
1570203415,25
1570205747,4
1570205747,8
1570205747,9
1570205747,47
1570205747,53
1570206129,2
1570206129,8
1570206129,47
1570206129,52
1570206201,9
1570206201,22
1570206201,52
1570206425,9
1570206425,23
1570206425,53
1570206425,54
1570206425,55
1570206449,9
1570206449,17
1570206449,23
1570206449,29
1570206449,30
1570206455,8
1570206455,9
1570206455,23
1570206455,45
1570206511,8
1570206511,9
1570206511,23
1570206511,47
1570206621,9
1570206621,16
1570206621,19
1570206621,49
1570206661,9
1570206661,47
1570206671,2
1570206671,8
1570206671,16
1570206671,35
1570206671,38
1570206671,42
1570207185,8
1570207185,9
1570207185,36
1570207185,53
148452,2
148452,35
148484,49
148484,47
148484,11
148484,52
148518,43
148518,7
148518,53
148534,42
148534,27
148534,17
148534,14
148534,10
148534,52
148538,21
148605,26
148607,13
148607,26
148608,26
148795,2
148795,35
148808,9
148808,26
148969,30
148969,25
148969,2
148969,53
148970,25
148970,2
148970,55
148992,31
149060,49
149060,41
149060,22
149060,52
149103,13
149103,12
149103,36
149107,26
149107,28
149107,31
149109,26
149123,12
149123,44
149123,55
149188,16
149188,19
149188,31
149188,42
149269,2
149269,42
149305,9
149305,26
149348,36
149348,52
149543,26
149549,12
149551,56
149551,26
149552,3
149552,55
149557,8
149557,14
149557,19
149562,2
149562,36
149564,7
149564,30
149571,2
149571,35
149571,51
149577,2
149581,9
149581,26
149583,1
149583,2
149583,8
149583,49
149583,54
149585,22
149585,30
149585,47
149585,52
149586,26
149590,17
149590,8
149597,2
149597,25
149597,31
149612,2
149612,12
149613,17
149613,10
149613,8
149613,27
149618,1
149618,49
149619,32
149619,48
149621,5
149621,25
149622,1
149622,25
149623,2
149624,52
149624,22
149624,9
149631,17
149631,23
149631,31
149632,2
149632,8
149633,2
149633,47
149634,41
149634,43
149635,9
149635,30
149636,2
149638,9
149638,22
149638,23
149638,24
149638,25
149638,26
149640,2
149640,28
149640,56
149643,3
149643,9
149644,44
149644,55
149645,25
149645,36
149645,55
149646,56
149646,53
149646,21
149647,9
149647,17
149647,47
149649,2
149649,9
149650,2
149650,26
149652,22
149652,9
149652,53
149653,17
149653,23
149653,41
149654,12
149654,27
149654,36
149659,26
149659,49
149659,53
149661,8
149664,9
149664,22
149664,55
149665,52
149665,42
149665,27
149665,55
149666,26
149666,56
149669,9
149669,10
149673,52
149675,9
149675,26
149676,9
149676,26
149676,31
149681,2
149681,25
149681,47
149683,26
149685,6
149685,2
149685,17
149685,47
149688,14
149688,26
149724,12
149724,25
149724,26
149729,25
149729,31
149729,53
149804,2
149804,9
149804,42
149805,8
149805,9
149806,1
149806,26
149807,9
149807,26
149817,49
149817,42
149817,19
149817,17
149817,16
149817,53
149837,3
149837,31
149844,2
149844,30
149844,36
149844,47
149854,2
149854,25
149857,2
149857,31
149879,26
149889,9
149965,2
149965,6
149965,35
149965,36
149986,8
149986,17
149986,22
150003,2
150003,47
150003,51
150003,52
150005,2
150007,13
150007,26
150012,53
150012,56
150019,34
150019,9
150019,35
150025,9
150025,43
150037,18
150037,2
150037,49
150038,19
150038,8
150038,47
150043,26
150043,36
150050,22
150051,27
150051,30
150051,32
150051,42
150065,9
150065,41
150068,2
150068,30
150068,52
150069,25
150070,12
150070,14
150070,16
150070,17
150070,42
150071,56
150071,41
150071,31
150071,26
150072,9
150073,8
150073,9
150073,32
150074,10
150074,14
150074,16
150074,42
150077,26
150077,31
150080,42
150080,25
150080,52
150081,11
150081,26
150081,30
150082,8
150082,17
150082,47
150086,42
150086,19
150086,17
150086,16
150086,14
150087,2
150091,3
150091,30
150091,33
150094,25
150094,22
150094,9
150094,29
150095,26
150095,35
150095,43
150098,26
150099,16
150101,26
150101,13
150101,49
150104,41
150104,35
150104,31
150104,2
150104,47
150105,26
150107,1
150107,31
150108,2
150108,31
150111,30
150111,38
150116,7
150116,26
150117,2
150117,5
150117,17
150119,8
150119,9
150119,20
150119,30
150121,35
150121,2
150122,26
150122,9
150122,49
150123,26
150126,10
150126,25
150126,30
150126,33
150126,49
150128,56
150130,3
150130,28
150130,56
150133,25
150133,8
150133,31
150134,24
150134,28
150134,36
150135,9
150135,25
150136,16
150136,26
150136,27
150136,42
150137,2
150137,8
150138,43
150138,55
150139,19
150139,17
150139,42
150139,53
150152,9
150152,33
150158,11
150158,26
150158,43
150158,47
150160,9
150160,26
150160,33
150167,23
150167,25
150167,26
150168,8
150168,26
150168,31
150168,42
150172,8
150172,9
150172,29
150381,16
150381,25
150392,9
150392,35
150419,23
150419,43
150425,26
150429,42
150429,24
150429,16
150429,14
150431,26
150431,33
150431,41
150434,8
150439,8
150439,47
150452,2
150452,12
150452,27
150452,53
150454,10
150454,22
150454,23
150454,24
150454,35
150457,10
150457,2
150464,12
150464,25
150466,44
150467,8
150467,9
150467,17
150469,6
150469,41
150470,2
150480,2
150480,31
150480,38
150480,42
150481,3
150481,9
150485,26
150486,22
150488,27
150488,36
150492,26
150492,11
150492,52
150495,8
150495,47
150500,8
150500,9
150500,26
150503,9
150503,30
150506,8
150506,9
150506,24
150506,29
150506,53
150510,2
150510,12
150520,41
150521,8
150521,10
150521,17
150521,47
1570264305,21
1570266846,44
1570279490,19
1570279863,35
1570279863,10
1570279863,56
1570280496,9
1570280503,2
1570280503,49
1570280507,25
1570280507,31
1570280653,25
1570280956,30
1570280956,9
1570280956,52
1570281384,31
1570281384,2
1570281384,52
1570281399,18
1570281399,12
1570281399,49
1570281683,55
1570281917,2
1570281917,35
1570281979,14
1570281979,42
1570282045,2
1570282045,42
1570282054,26
1570282054,33
1570282110,26
1570282141,2
1570282185,8
1570282185,9
1570282185,16
1570282185,42
1570282203,26
1570282203,30
1570282203,43
1570282229,26
1570282229,2
1570282229,36
1570282235,2
1570282295,22
1570282295,25
1570282295,27
1570282295,30
1570282329,55
1570282329,56
1570282349,27
1570282349,9
1570282349,47
1570282597,30
1570282605,8
1570282605,10
1570282605,22
1570282648,9
1570282648,22
1570282648,26
1570282670,13
1570282704,7
1570282719,13
1570282719,26
1570282719,36
1570282724,21
1570282724,26
1570282726,49
1570282726,56
1570282859,2
1570282859,6
1570283452,8
1570283452,17
1570283452,49
1570285094,8
1570285094,17
1570285572,27
1570285572,25
1570285572,35
1570285572,42
1570285669,10
1570285917,2
1570285917,31
1570285917,35
1570285991,26
1570285991,53
1570285991,55
1570285998,2
1570285998,25
1570286288,16
1570286355,9
1570286355,51
1570286719,2
1570286719,52
1570287099,53
1570287099,55
1570287120,9
1570287120,26
1570287214,26
1570287214,30
1570287214,55
1570287245,9
1570287245,10
1570287245,27
1570287289,14
1570287289,16
1570287291,9
1570287291,27
1570287291,56
1570287314,26
1570287314,42
1570287330,2
1570287330,18
1570287340,9
1570287340,55
1570287522,35
1570287522,52
1570287526,5
1570287526,9
1570287526,22
1570287530,22
1570287577,9
1570287577,23
1570287662,8
1570287662,9
1570287662,27
1570287662,42
1570287677,9
1570287677,32
1570287743,12
1570287743,36
1570287767,26
1570287768,9
1570287768,10
1570287768,25
1570287772,17
1570287772,8
1570287772,49
1570287791,26
1570287791,36
1570287799,31
1570287799,52
1570287802,26
1570287802,42
1570287809,12
1570287809,36
1570287816,13
1570287816,26
1570287842,9
1570287842,8
1570287842,46
1570287842,51
1570287850,9
1570287851,10
1570287851,14
1570287851,17
1570287862,16
1570287862,22
1570287867,21
1570287869,8
1570287869,9
1570287869,23
1570287869,33
1570287870,26
1570287870,9
1570287870,8
1570287870,52
1570287871,22
1570287875,11
1570287875,26
1570287882,2
1570287882,1
1570287882,42
1570288476,8
1570288476,9
1570288476,52
1570289597,6
1570289597,43
1570289597,47
1570290049,23
1570290049,26
1570290049,43
1570290180,55
1570290312,16
1570290312,27
1570290312,35
1570290691,2
1570290750,13
1570290750,25
1570290762,8
1570290762,17
1570290785,28
1570290823,42
1570290823,9
1570290823,47
1570290922,42
1570290922,43
1570290966,51
1570290966,13
1570290979,9
1570290979,26
1570291023,9
1570291023,8
1570291023,27
1570291071,11
1570291071,35
1570291071,47
1570291076,9
1570291076,33
1570291080,12
1570291080,35
1570291080,36
1570291117,2
1570291117,35
1570291117,42
1570291125,2
1570291125,53
1570291141,2
1570291141,25
1570291156,9
1570291156,26
1570291156,56
1570291162,22
1570291169,55
1570291185,44
1570291185,10
1570291185,55
1570291188,16
1570291188,42
1570291200,21
1570291208,49
1570291208,53
1570291865,9
1570291865,35
1570291865,49
1570310177,53
1570310177,55
162248,2
162248,35
162248,52
162329,28
162329,56
163263,53
163263,67
163263,9
163263,55
163298,25
163314,2
163314,6
163315,47
163315,49
163316,2
163316,35
163316,39
163317,6
163318,6
163320,56
163324,32
163324,16
163324,42
163693,18
163693,27
163693,64
163693,12
163693,9
163693,67
163701,48
163773,2
163773,27
163777,2
163777,5
163778,26
163778,63
163778,64
163778,43
163778,52
163779,7
163779,53
163782,39
163782,55
163783,42
163783,16
163786,53
163786,25
163786,14
163787,26
163787,34
163788,68
163788,8
163788,47
163793,2
163793,7
163793,47
163793,51
163795,25
163795,9
163795,67
163803,4
163803,25
163803,51
163803,52
163809,2
163812,25
163812,9
163812,67
163817,21
163817,53
163823,52
163823,19
163823,8
163827,10
163827,32
163828,12
163828,39
163832,16
163832,30
163832,42
163846,32
163846,30
163846,22
163846,9
163846,67
163846,52
163847,2
163847,53
163848,52
163848,67
163848,9
163849,2
163849,22
163850,2
163850,31
163850,47
163852,22
163852,8
163852,68
163854,36
163854,3
163854,55
163856,53
163856,28
163856,56
163857,19
163857,17
163857,27
163857,8
163861,22
163861,8
163861,68
163862,68
163862,67
163862,9
163862,8
163862,2
163863,25
163863,55
163864,12
163864,9
163864,67
163866,42
163866,16
163866,8
163866,2
163866,68
163871,67
163871,9
163871,55
163872,42
163872,27
163872,16
163872,52
163873,55
163878,2
163878,22
163878,49
163880,53
163880,67
163880,31
163880,27
163880,9
163894,26
163894,43
163895,67
163895,35
163895,9
163895,53
163898,22
163898,9
163898,8
163898,68
163901,8
163901,2
163901,68
163904,22
163906,27
163906,9
163906,67
163907,9
163907,26
163907,53
163910,67
163910,25
163910,9
163910,53
163912,21
163915,12
163915,18
163916,33
163916,26
163916,52
163917,63
163917,31
163922,2
163922,43
163925,54
163925,3
163926,47
163927,11
163927,22
163928,9
163928,2
163928,67
163929,35
163931,36
163931,66
163931,7
163931,52
163932,25
163933,68
163933,31
163933,8
163933,52
163934,67
163934,9
163934,52
163937,25
163937,8
163937,68
163940,19
163940,31
163940,26
163940,64
163940,9
163940,8
163940,67
163940,68
163943,9
163943,67
163944,66
163946,27
163946,22
163946,9
163946,67
163948,52
163948,26
163948,64
163948,53
163950,67
163950,22
163950,9
163950,52
163951,2
163951,55
163952,39
163953,25
163953,33
163953,53
163955,32
163955,26
163955,9
163955,8
163955,67
163956,36
163956,9
163956,8
163956,67
163956,68
163961,2
163965,8
163965,2
163965,68
163966,32
163966,8
163966,68
163968,55
163968,42
163968,25
163969,67
163969,9
163969,47
163971,3
163971,8
163971,10
163972,36
163973,26
163973,9
163973,67
163975,42
163975,33
163975,17
163975,16
163975,53
163981,55
163982,64
163982,26
163985,7
163985,16
163985,27
163985,42
163996,25
163996,49
163998,33
163998,55
164005,26
164005,9
164005,67
164127,26
164127,56
164140,21
164140,48
164154,2
164154,22
164154,31
164154,52
164170,63
164170,8
164170,29
164195,19
164195,17
164195,8
164195,68
164196,16
164196,42
164198,1
164198,51
164207,68
164207,17
164207,66
164207,8
164207,47
164207,52
164209,47
164209,27
164209,14
164209,10
164210,9
164210,67
164211,7
164211,12
164212,36
164212,52
164213,10
164213,9
164213,67
164214,30
164214,52
164214,53
164216,64
164216,6
164216,35
164217,33
164217,31
164217,26
164217,64
164217,9
164217,67
164218,26
164218,64
164218,53
164220,25
164220,49
164221,2
164221,25
164222,26
164224,26
164224,66
164224,64
164224,42
164225,67
164225,27
164225,9
164230,35
164230,9
164230,67
164234,53
164234,67
164234,30
164234,9
164234,55
164238,9
164238,2
164238,67
164240,67
164240,31
164240,22
164240,11
164240,9
164241,10
164241,47
164241,52
164242,20
164242,42
164258,30
164258,41
164306,67
164306,9
164306,56
164310,14
164310,16
164310,27
164310,42
164310,49
164310,52
164312,67
164312,33
164312,9
164312,52
164318,9
164318,2
164318,53
164323,40
164323,52
164328,63
164328,6
164328,52
164336,47
164336,49
1570165185,7
1570165185,32
1570165185,52
78213,3
78213,29
78213,41
62547,20
62547,21
62547,23
1570172747,41
1570172747,17
1570172747,16
1570172747,47
1570287741,26
1570287741,32
150478,25
150478,39
137494,14
137494,16
137494,25
137494,53
137494,55
73454,4
137290,23
137290,53
137290,54
62179,2
62179,25
62179,31
108813,25
108813,2
108813,1
108813,30
137473,4
137473,16
137473,42
150427,8
150427,9
73993,3
73993,31
73993,32
106992,16
106992,42
93994,41
93994,54
1570164757,31
1570164757,17
1570164757,47
137405,41
137405,56
134644,9
134644,25
134644,53
134644,54
137275,49
137275,53
121626,14
121626,25
121626,27
121626,31
121626,46
121626,47
121059,6
121059,10
133304,3
133304,22
133304,26
133304,31
101087,9
101087,10
99335,31
99335,37
99335,55
62458,22
62458,25
62458,30
94009,6
108730,12
108730,16
108730,17
108730,42
137484,9
137484,26
137484,53
121834,6
121834,32
121834,52
134537,53
134537,36
134537,9
163918,63
163918,12
163918,27
108688,30
108688,49
108132,9
108132,10
108132,31
108131,2
108131,23
108131,25
107307,22
107307,36
93955,10
93955,25
93955,55
121652,12
121652,25
121652,36
121652,38
121652,49
74073,3
74073,49
1570290687,9
121645,48
121645,52
121645,54
121693,9
121693,37
121693,55
150110,22
150110,9
150110,52
148735,52
148735,27
148735,25
148735,55
1570159731,26
1570159731,32
1570159731,53
74028,31
78062,2
78062,5
78062,30
80879,16
62512,3
62512,12
62512,30
62512,36
149696,2
149696,35
149696,53
1570164061,12
1570164061,18
1570164061,53
108704,24
108704,26
108704,42
108704,53
149122,39
149122,27
149122,12
149122,52
73452,27
73452,42
108770,4
108770,29
108770,31
108789,16
108789,21
108789,42
93949,12
84239,15
84239,22
84239,30
93378,8
93378,16
121697,3
121697,23
121697,36
99083,2
99083,35
99083,36
99083,47
108803,7
108803,17
108803,37
163913,9
163913,2
163913,67
78490,21
78490,26
94081,4
94081,26
80681,21
80681,25
80681,31
62421,13
62421,41
1570285687,31
163319,36
163319,52
1570149801,12
1570149801,18
1570149801,25
1570149801,53
121617,47
121617,42
121617,16
121617,14
121617,52
107178,2
107178,31
107178,35
94101,21
94101,25
94101,27
94101,45
1570161239,26
1570161239,2
1570161239,36
150175,5
150175,17
150175,31
150175,42
163528,42
163528,47
94055,30
94055,29
163461,1
163461,36
84318,23
84318,32
163769,18
163769,9
163769,67
163769,47
150484,9
150484,10
150484,21
150484,25
150484,41
150484,46
108804,10
108804,14
108804,16
108804,23
108804,36
108804,37
121054,24
150472,30
150472,8
150472,32
98344,5
98344,47
150143,9
150143,27
134694,2
134694,23
134694,31
134694,49
61860,25
61860,31
61860,41
163833,31
163833,26
163833,64
163833,16
163833,42
