,paper,subtopics
1,58571,2
2,59379,13-22-31
3,60650,2-26
4,60654,2-55
5,60679,6-22-38
6,60748,21-22
7,60806,27-42
8,60830,12-39
9,61053,4-32
10,61054,26-36
11,61063,2-55
12,61088,6
13,61130,4-25-30-37
14,61131,8-14-16-22
15,61144,2-6-52
16,61151,32-27-26-36
17,61174,6
18,61193,26
19,61420,13-36-39-41
20,61432,22-3-25
21,61435,3-22-25-41
22,61438,2-6-43
23,61446,10-19-35
24,61452,5-17
25,61453,21-30
26,61454,30-39
27,61462,5-22
28,61473,2
29,61478,2-29-46
30,61479,1-25-30-53
31,61511,21
32,61534,21-41-47-51
33,61536,2-25
34,61540,10-22-31-47
35,61541,2-1-22
36,61545,3-23-31-52
37,61562,2
38,61570,24-26
39,61572,23-28-32
40,61580,22
41,61636,26-6-2-36
42,61637,6-30
43,61689,20-32
44,61695,7-30-31
45,61783,1-23-29-36
46,61795,22-30
47,61810,3-5-14-52
48,61814,6-26
49,61815,14-22
50,61816,3-12
51,61834,12-23-26-31
52,61843,15-37
53,3,2
54,61881,12-26-49-55
55,61883,6-35
56,61885,6-41
57,61931,6-30-36
58,61952,26-32
59,61991,6-25-26-53
60,62167,52
61,62169,22-31
62,62175,7-12-25-28-30-38-39
63,62178,21-23
64,4,2
65,62180,3-36
66,62181,41
67,62194,6-2-35
68,62201,3-55
69,62205,12
70,62206,12-33-37
71,62219,15-41
72,62222,1-22-25
73,62241,7-12-13
74,62264,6
75,62265,1-2
76,62266,36
77,62272,26
78,62283,7-17-25-39
79,62296,35-13-12-39
80,62298,31-19-16-42
81,62299,27-33
82,62301,9-31
83,62317,1-2-13-30-36
84,62319,7-39-41-53
85,62320,2-23-31
86,62323,13-23-41
87,62327,21-31-41
88,62330,37-23-19-16-8-42-47
89,62334,24-25-46-48
90,62341,3
91,62342,10-14-17
92,62343,3-25-36
93,62344,22
94,62345,3-41
95,62347,30
96,62349,41
97,62351,3-22
98,62352,2-25-31
99,62356,2-4
100,62359,13-30-31-41
101,62360,23-26-33
102,62362,3
103,62366,22-25-41
104,62369,3-49
105,62370,2
106,62372,23-17-30
107,62374,1-30
108,62382,1-2-36
109,62383,14-17-53
110,62394,8-41
111,62400,41
112,62408,13-27-31-41-46
113,62410,35-36
114,62411,23-25-37
115,62412,18-27
116,62413,2-3
117,62414,15-26-48
118,62415,38-31-1-47
119,62416,3-23-30
120,62417,3
121,62418,17-14-8-2-19
122,62419,3
123,1,3
124,62422,26-15-32
125,62425,23-25-31-47-48
126,62428,8-17-27
127,62436,31-32-41
128,62438,21-22-53
129,62439,7-12-13-21-27
130,62440,30-39-42
131,62442,3-12-36-51-52
132,62443,12-23-53
133,62444,12-22-30-51
134,62446,3
135,62447,2-25
136,62448,3-27-44-55
137,62450,3-36
138,62451,25
139,62452,13-30-41
140,62454,26-39-41
141,62455,7-39
142,62456,2-21-36-47
143,4,2
144,62459,13-25-55
145,62461,13-26-31
146,62462,3
147,62463,3-36
148,62464,3-30-55
149,62466,21-23-27
150,62467,12-25-30
151,62468,26-32
152,62469,10-14-24-42
153,62470,3-26-36
154,62471,7-26-30-37-41-46-47-51
155,62472,21
156,62473,12-31
157,62474,2
158,62476,3-29
159,62477,3-29-31-46
160,62478,26
161,62479,3-12
162,62480,32
163,62481,6-25-41
164,62482,56-25
165,62483,25-39-52
166,62484,22-30
167,62486,30-31-41
168,62487,14-17
169,62491,26-32
170,62492,30-32
171,62493,21-25-41
172,62494,3-25-32-39
173,62495,15-22-31-49
174,62497,3-12-14
175,62498,3-30
176,62499,25-31
177,62500,30-31-32-39-52
178,62501,21-27-47
179,62503,3-12
180,62504,21-45
181,62505,12-21
182,62507,7-23-25-31
183,62508,2-12-25
184,62509,37-25-22
185,62511,31-22-42-53
186,1,4
187,62515,21-25-44
188,62516,14-21-28-31-48
189,62519,10-15-22-25-31-42-56
190,62520,8-30-31
191,62521,21-54
192,62522,1-3-8-22-25
193,62523,44-41-29-55
194,62524,22-28
195,62525,16-26-42
196,62526,21-23
197,62527,26-39
198,62528,2-33
199,62529,14-16-17-19-25-27-42
200,62530,7-22-39
201,62531,2-25-30-52
202,62532,1-2-6
203,62533,3-7-23-30-36-52-53
204,62535,21
205,62537,23-31
206,62538,2-25-49
207,62539,2-30-31-36
208,62542,8-33
209,62543,10-23-37-55
210,62544,2-3-12
211,62546,13-25-26-55
212,2,3
213,62549,23
214,62551,8-14-21
215,62552,3-13-23
216,62553,8-14-25
217,62572,12-39
218,62898,31-33
219,68089,22-3-45
220,68525,31
221,69419,26
222,69845,26-22-31
223,70580,26-30
224,70702,2-25-32
225,70722,2-31
226,70781,21-41
227,70782,22-6
228,70836,26-8-39
229,70868,12-18
230,70874,26-28-56
231,70882,3-26
232,71185,32-33-41
233,71209,26-36
234,71295,22-51
235,72700,3
236,72833,22
237,72840,26-30-32-33
238,72860,25-42
239,72870,2-31
240,72874,22-28
241,72885,26-31
242,72921,1-2-22
243,72927,26
244,72931,35-30-12-39
245,72959,22-26
246,72963,21-42
247,72976,10-19-21
248,72993,21-41
249,73007,11-3-35
250,73038,2-6
251,73039,16-33-42
252,73040,3-22-28
253,73042,21
254,73044,32
255,73066,21-44
256,73087,21-41
257,73120,1-35
258,73152,28
259,73171,33
260,73173,41-45
261,73175,21-45
262,73176,32
263,73207,17-25-37-42
264,73216,3-41
265,73219,3-26
266,73223,21
267,73230,4-26
268,73243,3-12-30-33
269,73314,12-39
270,73356,22
271,73385,25-32-51
272,1,3
273,73453,1-25-36
274,1,3
275,73460,23-31-52
276,73493,14-31-32
277,73510,1-2-25-26
278,73516,26-32
279,73519,25
280,73526,21
281,73556,3-12-17
282,73557,2-8-13-17
283,73558,26-41
284,73626,1-2-36-52
285,73647,6
286,73649,3-22
287,73666,11-17-35
288,73710,3-47
289,73730,5-8-32
290,73732,25-27-30
291,73734,1-2
292,73735,3-36
293,73777,1-25-55
294,73780,26
295,73807,26
296,73808,2
297,73809,47-22
298,73811,26
299,73819,32-44
300,73820,54-25-21
301,73821,6-35
302,73823,2-6-22
303,73835,12-39
304,73836,23-31
305,73837,16-25-46
306,73838,12-26-31
307,73839,21-31
308,73841,26-21-53
309,73852,25-21-41
310,73864,2
311,73865,42
312,73867,9-12-23
313,73870,32
314,73871,31-32
315,73872,25
316,73873,25-33
317,73874,22-52
318,73875,16-27-42
319,73878,21-55
320,73879,41
321,73880,7-25-39
322,73882,26-33-41
323,73883,3-55
324,73884,1
325,73885,2
326,73890,3-23-26
327,73891,3-30-55
328,73892,3-30-35
329,73894,10-15-25
330,73897,12-39
331,73898,21-33
332,73899,22-33
333,73900,3-36
334,73901,2
335,73902,3-36
336,73906,21
337,73908,2-15-37-40
338,73912,26-32
339,73914,23-31
340,73917,26-19-32
341,73918,26-32
342,73921,26
343,73923,21-25
344,73926,12-25
345,73927,17-41-42
346,73929,14
347,73933,3-25
348,73935,26-30-31-39
349,73936,8-12
350,73937,26
351,73943,16-42
352,73944,16
353,73945,21-45
354,73946,32-31-28-55
355,73949,28
356,73951,1-2-31-32
357,73955,3-12-13-31-39
358,73956,26-30-31
359,73958,24-35
360,73962,30-36
361,73966,30-39
362,73969,25-23-31
363,73970,23-28
364,73972,30-3-31
365,73981,23
366,73986,2-7-32
367,73989,6-23-25-31
368,73991,2-6
369,2,4
370,73995,42
371,4,1
372,74048,2-46-49
373,74052,25
374,74067,17-25-31-42
375,2,1
376,74082,45-42
377,74095,22-41-55
378,74160,1-2-52
379,77291,25
380,77335,12-23-25
381,77442,1-2-6
382,77597,3-26-41-53
383,77655,22-28
384,77696,25-13-3-35
385,77709,3-23-29-52-53
386,77723,13-21-23
387,77741,12-13-24-26
388,77785,3-12-25
389,77795,22-26-31
390,77823,26-31
391,77825,27-30-33-49
392,77826,30-56
393,77982,3-22-25-30
394,2,1
395,78075,12-13-22
396,78083,26-29-41
397,78085,1-2-52-54
398,78118,13-21-24
399,78188,2-26-35
400,78192,2-53
401,78196,13-41
402,1,3
403,78215,12-21-30-41
404,78222,3-11-30-52
405,78224,2-36-47
406,78286,16-30
407,78287,22-23-30-32-42
408,78288,3-4-26
409,78291,39-55
410,78295,21-29-41
411,78297,12-26-31
412,78310,16-24
413,78311,13-14-16-18-42
414,78323,2-35
415,78336,24-54
416,78338,25-32-48
417,78339,15-22-28
418,78343,3-14-28-32-46
419,78349,3-12-13-25
420,78351,2-6-28
421,78363,1-2-25-30-41-49
422,78367,21-25-36
423,78368,4-12-13-52-53-54
424,78371,3-12-25-30-32-41
425,78372,2-23-25
426,78379,2-3-14-23-36
427,78384,1-2-36
428,78386,1-6-23
429,78387,25-26-32-51
430,78388,2-32-49
431,78390,26-32-37
432,78391,3-16-30-31-37
433,78392,2-31
434,78394,13-23
435,78399,14-20-52-54
436,78400,2-22-49
437,78404,14-29-42-52
438,78413,13-23-25-32
439,78415,10-17-25-32
440,78416,3-12-18
441,78418,1-2-6
442,78421,23-42
443,78423,13-21-27-28-31-41
444,78427,2-31-33
445,78428,14-23-25-35-42
446,78430,35
447,78433,12-13-41
448,78435,3-25-41
449,78438,55-54-52-27-56
450,78442,31-22-56
451,78449,25-35
452,78456,16-17-31-42
453,78461,14-19-32-37-42
454,78466,27-30-33-36
455,78467,2-3-12
456,78468,23-32-41
457,78482,21-41
458,78483,10-31-35
459,1,3
460,78492,14-21-27-35
461,78494,26
462,78495,10-26-49
463,78502,21-22-53
464,78512,30-31-39
465,78513,14-28
466,78557,14-22
467,78564,32-41-50
468,78578,35-55
469,78972,45
470,78989,23-24-55
471,4,1
472,80682,27
473,80683,21-42
474,80686,13-16
475,80786,42
476,80810,21-39-42
477,80813,8-17
478,80830,41-42
479,80834,24-27-33
480,80839,42
481,80842,31-38-42
482,80843,13-55
483,80848,9-10
484,80854,42
485,80865,24-42
486,3,2
487,81151,21-26
488,82552,7-22-27-30-37-47
489,82833,27-39-42
490,83282,31-32-41
491,83910,22
492,83982,25-27-32
493,84007,26-55
494,84037,12-16-31
495,84054,14-23-25
496,84098,3-25-30-36
497,84100,3-12-23-32
498,84134,14-27-31-32
499,84143,39-13-12-7-52
500,84150,30
501,84176,22-27
502,84177,24-48
503,84178,2-26
504,84179,26-42-55
505,84187,13-22-28
506,84191,2
507,84193,25-56
508,84196,17-32-42
509,84212,36-39
510,84215,2-6-8
511,84216,5-6
512,84218,2-3-30
513,84220,21-25
514,84221,31-41-44
515,84222,23-25-26
516,84224,2-55
517,84227,3-23-30-35
518,84230,17-22-41
519,84231,13-37-41
520,84238,21-26
521,4,3
522,84242,26-33
523,84251,8-55
524,84254,23-26
525,84256,14-22
526,84261,2-31
527,84266,21-25
528,84270,2-23-31-49
529,84273,35-36-42
530,84289,25-31-49
531,84292,41
532,3,1
533,84322,1-2-12
534,84323,8
535,84325,30-52
536,84342,3-12-18
537,84346,30-27-35
538,84351,17-27-30-31
539,84356,27-25-23-42
540,84357,31-27-3-41
541,84373,13-25
542,84377,2-3-37
543,84379,2-26
544,84396,25-34
545,84401,5-41
546,84403,5-31
547,84408,25-31-41-55
548,84416,26
549,85474,26-41
550,85589,3-27-31
551,85590,1-2
552,85591,24-40-42
553,85602,25-41
554,85610,8-26-30
555,85615,2-25
556,85633,26-49
557,85636,23-37
558,85646,9-37-39
559,85649,17-3-2-23
560,85651,31-41-42
561,85673,7-55
562,85678,31-25-2-55
563,85681,31-41-55
564,85692,26
565,85694,2-48
566,85699,26-42
567,85700,2-27
568,85720,3-7-24-25-30-41
569,85725,22-2-1-52
570,85731,1-2-36
571,85732,21-25-44
572,85742,23-32
573,85743,35-31-25-10-40-42
574,85810,38-37-12-39
575,85956,40-25-21-15-42
576,87854,10
577,88535,3-5-8
578,88558,9-25
579,88247,2-20
580,90921,26
581,90939,25
582,91189,2-49
583,91432,9-23
584,91994,21-25-27-31-51
585,92020,26
586,92082,13-28
587,92106,10-14-17-19-35
588,92321,26-55
589,92365,26-49
590,92400,26-31-39-52
591,92405,3-47
592,92437,1-2-25-30-47
593,92463,4-8
594,92507,51-46-41-25-12-53
595,92540,2-53
596,92552,4-23-26-32
597,92553,20-43
598,92609,49
599,92613,17-27
600,92618,4-23-30-32-37-53
601,92621,26-48
602,92623,10-26
603,92660,47
604,92663,6-30-31-46-47
605,92697,25-39-52
606,92704,22-25-30-47
607,92730,30-36-53
608,92734,4-9
609,92738,25-30-36-41
610,92751,10-14-16-22-25
611,92755,25-31-41
612,92787,2
613,92790,1-2-22-25-31-38
614,92793,1-6-22-30
615,92802,22-10-49
616,92808,10-22-53
617,92816,12-25-30-39
618,92829,10-25
619,92860,56
620,92902,8-10-16-27-51
621,92907,26
622,92933,6
623,92935,10-21-23
624,92940,10-14-16-21-23-41-45
625,93330,2-5-36
626,93331,16-14-17-19
627,93332,17-31-41-42
628,93334,3-39
629,93335,3-10-25
630,93336,26
631,93337,10-14-23-42-45-55
632,93343,21
633,93347,10-35
634,93357,14-35-37
635,93365,1-36
636,93366,8-14-15-16
637,93367,2-48
638,93368,2-6-25-31-41-47
639,93369,28-32-51
640,93370,26-53-55
641,93371,21
642,93372,49
643,93373,16-42
644,93374,55
645,93375,25-26-52-55
646,93377,5-8
647,3,2
648,93379,25-31
649,93380,22-23
650,93381,3
651,93382,54
652,93384,10-29-35
653,93386,2-12-25-27-32
654,93388,54-55
655,93394,13-26-37
656,93403,47-51
657,93404,14-16-17-42
658,93419,55
659,93425,26-30-31
660,93504,5-25
661,93510,23-26-36-41
662,93522,6
663,93573,2-12-35-53
664,93597,37-47
665,93608,21
666,93609,12-30
667,93620,6-23-36
668,93668,23-22
669,93703,12-26-39
670,93705,47
671,93706,29-12-7-46
672,93712,19-17-10-35-52
673,93733,22-28-41
674,93757,8-10
675,93852,26
676,93855,7-22-25
677,93863,35-17-41
678,93865,3-23-51
679,93898,2-6-35
680,93899,6
681,93901,2-6-35
682,93902,2-6-56
683,93906,22-31-40
684,93913,21-41-49
685,93915,1-39
686,93917,10-32-35
687,93919,13-26-49-55
688,93921,2-31
689,93923,16-25-42-47
690,93925,25-30-39
691,93926,25-26
692,93929,31-52
693,93930,31-26-25-9
694,93931,25-30-36
695,93938,26
696,93939,14-42
697,93941,7-22-30-31-39
698,3,2
699,93952,25
700,93954,1-2-36
701,3,2
702,93958,12-39
703,93959,6-22
704,93963,2-36-47
705,93967,21-25-41-51
706,93968,6
707,93969,10-25
708,93970,30-52
709,93971,31-41
710,93972,12-33
711,93973,16-25-52-54
712,93975,2-18-34
713,93978,23-28-31-47-49-55
714,93981,16-30-37-55-56
715,93982,25-53
716,93986,1-2
717,93989,2
718,93991,2-25-30
719,93992,2
720,93993,21-22-23
721,1,2
722,93995,1-2-31-36
723,93997,16-25-31
724,93998,1-2-27
725,93999,31-35
726,94000,26
727,94001,2
728,94003,16-31-55
729,94004,3-16-24
730,94006,2-6
731,94008,6
732,1,3
733,94010,2-4-35
734,94011,41-47
735,94014,12-41
736,94018,1-2-26-31-52
737,94019,2-35
738,94020,19-17-14-10-9-30-37
739,94021,51-53
740,94022,16-24-26
741,94023,22-32-52
742,94024,10-14
743,94025,3-23-31-53
744,94026,14-16
745,94029,22-23-52-54
746,94030,6-16-32
747,94031,14-16
748,94032,2
749,94033,25-26-41
750,94034,26-28-49-53
751,94035,12-39
752,94037,3-5-52
753,94040,7-23-25-30-31
754,94041,4-53
755,94042,2-23-30-32-37-41
756,94043,49-53
757,94044,42-21-48
758,94045,1-2-39
759,94046,16-17-19
760,94048,16-19-42-46
761,94049,7-22-27-31
762,94052,15-11-35
763,94053,22-25-30-39
764,94054,19
765,3,1
766,94056,42-45
767,94057,37-36-30-47-48-51
768,94059,2-25-35
769,94060,6-26-53
770,94061,37-41-53
771,94062,12-24-25
772,94063,24-39-55
773,94064,5-21-32-53
774,94065,3-39
775,94066,2-53
776,94067,37
777,94068,6-25-30-31
778,94069,16-25-27
779,94070,12-55
780,94071,26
781,94072,10-23-25-29-37-38-55
782,94073,23-32
783,94074,12-39
784,94075,41
785,94076,8-10-31-42
786,94077,10
787,94078,14-17-25-30
788,94079,26-41
789,94080,9
790,1,3
791,94082,1-22
792,94083,29
793,94085,36-49
794,94086,26-29
795,94087,12-25
796,94088,21-25-27-31
797,94091,3-24-26
798,94092,1-2-31
799,94093,9-22-29-53
800,94094,25-42
801,94095,13-26
802,94096,13
803,94097,30-46-55
804,94098,2
805,94099,1-22
806,94100,26
807,4,1
808,94103,8
809,94104,5-9
810,94105,21-41
811,94108,8-10-48
812,94109,10
813,94110,2-6-35
814,94112,10-14-17-19
815,94115,5-36
816,94116,22
817,94122,35-6-52
818,94138,21-33
819,94145,2-12
820,98201,3-47
821,98202,2-12-25
822,98204,3-22-31-41-52
823,98206,2-30-37-40
824,98223,14-23-41-47
825,98230,22-24-31
826,98252,3-23-30-31
827,98266,3-23-31
828,98309,2-31-39
829,98311,35
830,98315,14-17-19-23-32-42
831,98319,2-3-12-38-46
832,98323,25-22-30
833,98329,10-13
834,98334,7-22-25-41
835,98335,7-23-41-50
836,98338,25-19-17-14-30
837,98339,10-22-27-55
838,98340,47-35-31-29-2-52
839,98342,25-26-27-41
840,98343,12-25
841,3,2
842,98346,23-30-37
843,98347,16-26-30-32
844,98348,31-25-11-40
845,98353,25-30-55
846,98354,19-29-42-47
847,98356,10-22-32-37
848,98357,16-25-27-31
849,98360,12-18-30-31
850,98364,3-4-14-23
851,98370,3-31-35-52
852,98372,23-26-31-32
853,98378,12-31-47-51
854,98379,10-19-23-29
855,98382,30-23-22-37
856,98383,14-10-42-47
857,98384,7-17-26-47
858,98386,31-32
859,98389,3-23-29-50
860,98397,2-22-23
861,98423,10-14-19-27
862,3,4
863,99136,14-22-42
864,99146,14-16-25-47-53
865,99150,2-25-47
866,99178,2-16-26
867,99246,2-47-52
868,99252,2
869,99254,1-6-31-47
870,99257,8-31-37
871,99298,16-31-32-42
872,99307,2-3-32
873,99311,7-12-31-39
874,99324,6-41
875,99326,17-22-27-30-37-46-49
876,99330,13-22-31-37-53
877,99332,21-27-29-41
878,99334,10-25-35
879,4,2
880,99336,32-42
881,99350,2-6-23
882,99369,2-10-42
883,99374,14-35-37
884,99387,16-27-37-41
885,99388,21-51
886,99390,1-31-47
887,99703,16-26-31
888,99866,22-23-52-54
889,99878,2-29-32-52
890,99917,26-39-53
891,99924,2-3-12-14-32
892,99925,1-2-41
893,99956,2-52
894,99985,27-19-17-16-14-42
895,100026,12-25-31
896,100857,31-41
897,101008,21-25
898,101009,21-25-27
899,4,2
900,101165,43-31-6-2-49
901,101176,8-14-47-48-49
902,101229,14-22-25-42
903,101273,10-14-19-25-29-31-37
904,101286,30-32-50
905,101455,16-21-42
906,101748,1-26-51
907,101750,23-25-27-39
908,101751,31-42-45-48
909,101792,1-26
910,106396,8-10-29-42-49
911,106421,8-10-16-23
912,106460,42
913,106464,10-17-27-42
914,106473,16-14-8-19
915,106531,16-32
916,106552,14-27-31-32-52
917,106634,23-17-10-8-31
918,1,4
919,1,2
920,108133,14-10-9-42
921,108134,10-16-42
922,108137,8-10-14-16-42
923,108365,25-46-55
924,108366,9-26-42
925,108367,19-16-25
926,108370,32-27-2-43
927,104088,21-22
928,104992,2-45
929,105028,24-48
930,105276,25-21-26
931,105478,31
932,106137,41-43-49-55
933,106209,8-17
934,106376,26-56
935,106511,17-14-10-27
936,106538,26-25-22-52
937,106654,42-17-16-10-9
938,106683,22-10-8
939,106767,8-33-53
940,106867,2-6-26
941,106882,9-26
942,106885,25-17-10
943,106907,26-33
944,106916,10-14-16-42
945,106928,3-29-52
946,106935,30-55
947,106952,2-31-49
948,106954,39-55
949,106955,8-17-33
950,106988,17-19-42-49
951,1,4
952,106999,25-55
953,107025,12
954,107033,2-26
955,107055,36-26-3-49
956,107073,2-17
957,107109,22-23-41
958,107112,45
959,107128,17
960,107129,22-31-32
961,107144,22-34-52
962,107145,22-34-36-52-53
963,107162,26-55-56
964,107163,26-56
965,107164,41-30-25-42
966,107169,22-19-25
967,107170,25-2-52
968,107172,16-26-42-55
969,107175,21
970,4,3
971,107196,12-49-56
972,107197,9-17-53
973,107198,49-53-55-56
974,107201,8-41
975,107215,9-22
976,107216,42-19-16-14
977,107219,23-31
978,107220,25-17-56
979,107227,53-22-2
980,107241,1-22-30-37
981,107242,17-42
982,107243,6-47
983,107268,25-22-42
984,107270,41
985,107274,41
986,107275,39-2-52
987,107277,12
988,107278,23-31-41
989,107279,30-35-36
990,107280,10-35-52
991,107285,25-55
992,107290,21-51
993,107291,26
994,107292,25-17-27-32
995,107294,31-32
996,107296,23
997,107297,17-2-1-52
998,107300,10-17-19-35-42-51
999,107301,41-45
1000,107305,13
1001,107306,10-14-17-42-55
1002,2,3
1003,107308,45
1004,107315,8-10-17-42
1005,107325,49-23-22-56
1006,107326,14-42
1007,107362,8-10-53
1008,107972,7-30
1009,108052,42-27-17
1010,108093,9-10-26-42
1011,108185,36
1012,108216,36-53
1013,108245,25-16-14-42
1014,108324,22-52
1015,108347,36-25-2-53
1016,108375,2-36
1017,108376,17-36-52
1018,108385,7-26-33-36
1019,108472,35-36
1020,108525,47-49
1021,108528,18-26
1022,108543,14-17-19-42
1023,108549,22-56
1024,108585,2-55-56
1025,108635,18-31
1026,108648,35-49
1027,108666,25-56
1028,108668,31-25-2-1-39
1029,108686,16-21-42
1030,3,1
1031,108692,4-42
1032,108694,26-30
1033,108695,25-19-1-52
1034,108698,12-18
1035,108699,18-22-25-41
1036,108701,53-52-25-12-55
1037,108702,16-17-42
1038,108703,16-22-42
1039,1,2
1040,108706,5-17-35
1041,108707,27-8-36
1042,108708,17-6-2-42
1043,108709,42-55
1044,108712,26-41
1045,108713,22-26-30-50
1046,108714,21
1047,108715,42-55
1048,108717,32-41
1049,108721,26-36
1050,108723,4-22-31-53
1051,108728,12-52
1052,108729,41-49
1053,1,4
1054,108731,55-31-22
1055,108732,2-16-42
1056,108733,7-8-30-52
1057,108734,11
1058,108735,42-55-56
1059,108737,17-33-36
1060,108738,2-17-52
1061,108739,35-2-53
1062,108740,16-42-53
1063,108743,8-9
1064,108744,2-6-17-31-38-43-49
1065,108748,31-23-8-53
1066,108749,26
1067,108750,36-35-32
1068,108751,2-12-18
1069,108752,28
1070,108753,26-31
1071,108755,5-23-29
1072,108756,23-36
1073,108757,26
1074,108758,16-31-42
1075,108760,30-41
1076,108762,9-53
1077,108764,9-24-55
1078,108765,16-42
1079,108766,11-41
1080,108767,14-17-19-42
1081,108768,5-35-36
1082,4,1
1083,108771,26
1084,108773,53-26-2-55
1085,108774,14-17-42
1086,108775,37-52-53
1087,108776,36-33-26-3
1088,108777,26-36
1089,108779,2
1090,108782,55-56
1091,108783,42-35-27-25-19-17-14-10-8
1092,108784,42-25-16-14-51
1093,108785,17-42
1094,108786,26-30-31-55-56
1095,108788,10-36
1096,3,1
1097,108790,16-17-19-42
1098,108791,2
1099,108792,20-21-26-32
1100,108794,26-16-42
1101,108795,42-25-16-55
1102,108801,10-16-17-19-27-35-42
1103,108802,22-31-52
1104,1,2
1105,2,3
1106,108805,16-19-42
1107,108806,10-16-17-42
1108,108809,7-22-26-31-39
1109,108810,42-36-16-9
1110,108811,2-6
1111,108812,37-36-9-53
1112,4,1
1113,108814,19-43-56
1114,108815,51-55
1115,108816,42
1116,108817,53-52-25-55
1117,108819,32-17-9-36
1118,108820,21-22-25-44
1119,108821,9-14-17-42
1120,108823,8-10-17-35-42
1121,108824,26-32-36
1122,108825,52
1123,108828,26-49
1124,108829,12
1125,108830,49-55
1126,108831,42-17
1127,108832,22
1128,108836,9-22-26-52-53
1129,108837,17-35-56
1130,108839,21-26-33-36
1131,108840,5-29-53
1132,108841,8-17-19
1133,108843,16-42
1134,108844,16-17-19-42
1135,108888,2-3-54
1136,108972,10-42
1137,118698,3-26-32-36-53
1138,118725,1-2-51
1139,120084,3-53
1140,120091,21-31-48
1141,120108,2-28-32-46-52-53
1142,120186,3-4-25-29-51-52
1143,120463,3-52-53
1144,120536,1-2-26-41
1145,120561,14-25-32-52
1146,120562,5-47
1147,120564,26-28
1148,120674,1-2-51
1149,120837,12-18-25
1150,120880,10-34
1151,120965,9-32
1152,120966,8-14-25-29
1153,120968,26-36
1154,120978,25-27-31-32-41-53
1155,121043,3-25-47
1156,121044,2-31
1157,121045,26-36-53-55
1158,121047,42-30-16-55
1159,121048,2-23-31
1160,121051,26
1161,121052,7-30-31-37-41
1162,121053,42-19-17-16-47
1163,3,4
1164,121055,2-31-49
1165,1,4
1166,121088,56
1167,121166,2-25-31-49
1168,121175,22-9-8-26
1169,121177,26-25-16-42
1170,121306,9-23-41
1171,121308,10-22-55
1172,121327,25-41-52
1173,121329,2-31-53
1174,121340,30-25-19-16-38-42
1175,121348,8-9-14-27-49
1176,121365,7-25-51
1177,121382,42-26-16-53
1178,121392,8-22-23-32-52-54
1179,121401,6-36-52
1180,121404,30-25-16-42
1181,121413,8-38-49
1182,121434,20-26
1183,121439,14-31-37
1184,121533,53-40-25-15-5
1185,121548,9-22
1186,121552,6-31-36
1187,121555,3-25-37
1188,121577,42-27-23-56
1189,121584,9
1190,121586,26-16-42
1191,121591,8-22
1192,121592,1-2-31-32-46-47-49-51
1193,121593,37-16-7-42
1194,121594,1-2
1195,121595,1-2-7-39-52
1196,121596,3-36
1197,121602,2-26
1198,121606,26-55
1199,1,4
1200,121620,2-6-35
1201,121623,2-35-38-53
1202,3,1
1203,121627,6-2-52
1204,121631,25
1205,121632,2-6-35
1206,121634,26
1207,121635,9
1208,121637,3-25-26-28-30-31-39
1209,121638,23-28-30-31-47-51
1210,121639,2-25
1211,121640,8-14-23-25
1212,121643,25-47
1213,4,2
1214,121646,23-21-19-3-26
1215,121647,8-9-16
1216,121648,30-27-25-16-42
1217,121649,30-16-42
1218,121650,26-31-41-49-51
1219,121651,42-16-55
1220,4,2
1221,121654,16-27-31
1222,121655,32-41-52
1223,121656,2-8-30
1224,121657,22-23-24-25-26-27-28-55
1225,121658,29-25-47
1226,121659,42-25-16-47
1227,121660,25-53
1228,121661,25-41
1229,121663,21-49
1230,121664,2-52
1231,121665,23-25-27-39-55
1232,121666,36-53-55
1233,121670,2
1234,121671,26-31-50-53
1235,121672,36-26-42
1236,121673,14-25-32-52-53-54
1237,121674,3-9-25-36-53
1238,121675,21-24-26-32-41-49
1239,121677,5-9-52
1240,121679,23-25-41
1241,121680,13-21-27-28
1242,121682,27-2-43
1243,121683,22-30
1244,121684,9-25-47
1245,121685,51-42-33-30-16-53
1246,121687,54-42-25-16-55
1247,121688,9-27-32
1248,121690,8-25-32
1249,121691,52-42-16-55
1250,2,4
1251,121695,9-47
1252,121696,9-22-23-32
1253,3,4
1254,121698,31-41
1255,121699,2-35
1256,121700,2-23
1257,121702,23-28-37-45
1258,121703,27-51
1259,121704,12
1260,121705,22-25
1261,121706,3-25-36
1262,121707,34-37
1263,121708,2-12-25
1264,121709,9
1265,121724,52
1266,121726,55
1267,121735,4-13-26
1268,121749,39-52
1269,121750,8-9-19-52
1270,121751,2-55
1271,121764,11-23-26-41
1272,121765,55
1273,121775,2-52
1274,121785,53-25-9-55
1275,121801,2-6-21-30-36
1276,121802,1-2-6-25-30-47
1277,121809,25-56
1278,121810,25-31-37-53
1279,121819,36
1280,121825,21-32
1281,121827,52-47-42-25-16-54
1282,1,4
1283,121835,13-23-30-36-41
1284,121836,9-23-53
1285,121844,2-53
1286,121872,31-27-16-42
1287,121932,31-19-16-8-42
1288,121968,3-52
1289,132694,2-6-35-55
1290,133296,56
1291,2,4
1292,133797,26-36-53-55
1293,133801,13-26-55
1294,133859,2-38-52
1295,133949,1-36
1296,133992,2-6-25
1297,134040,45-49
1298,134258,2-17-36-52
1299,134351,41-22-55
1300,134358,16-26-42-53-54
1301,134374,17-29-34-55
1302,134376,5-7-22-53
1303,134377,22-49-55-56
1304,134378,2-53
1305,134386,8-9-53
1306,134402,17-42-47-52
1307,134403,10-47-48
1308,134419,16-26-30-52
1309,134420,26-28
1310,134421,28-36
1311,134431,26
1312,134433,23-49-52
1313,134437,14-17-25-42-55
1314,134438,23-31-36
1315,134445,8-33
1316,134446,42-22-53
1317,134449,3-55
1318,134484,8-10-16-42
1319,134499,2-17-47
1320,134501,2-11-55
1321,134505,21-22
1322,134509,1-2-23-35-51
1323,134511,39-48-52
1324,134513,1-6-30-52
1325,134515,9-10-47-53
1326,134519,26-54-56
1327,134523,2-32-39-54
1328,134536,26-42
1329,1,2
1330,134538,2-6-22-30-51-52
1331,134539,8-47
1332,134540,51-52
1333,134541,8-22-52
1334,134544,2-13-19-25-49
1335,134556,8-17-22-51
1336,134566,8-23-25
1337,134585,2-53
1338,134591,9-23-31-53
1339,134605,16-48-52
1340,134606,26-51-52-53-55
1341,134607,8-9-10-25-29
1342,134608,9-41-49
1343,134609,9-17-25
1344,134612,2-23-51-52
1345,134616,18-25-47
1346,134620,9-10-33-36
1347,134627,53-52-42-25-16-12
1348,4,3
1349,134647,8-42-53-55
1350,134658,17-16-42
1351,134689,27-41-47-53
1352,134690,9-17-47
1353,4,3
1354,134707,28-41-51
1355,135326,2-6-46-52
1356,135368,10-17-23-27-29-52
1357,135419,25-29-47-55
1358,135438,26-32-47
1359,135562,8-17-35-47
1360,137132,2-25-36-52-54
1361,137169,13-43
1362,137257,22-29-49-56
1363,137262,3-26-53
1364,137270,16-17-26-42
1365,137273,16-35-42-52
1366,137274,26-55
1367,4,3
1368,137283,3-55-56
1369,137284,2-53
1370,137285,16-22-23-41-53
1371,137287,56
1372,3,1
1373,137292,7-45-53
1374,137294,7-12-41-52
1375,137295,4-5-53
1376,137305,23-25-51
1377,137306,2-17-31-49
1378,137311,23-37
1379,137312,6-35-49-53
1380,137313,19-56
1381,137319,2-12
1382,137320,47-25-21-53
1383,137322,3-23-34-55
1384,137324,16-25-42-49-56
1385,137331,16-19-42
1386,137332,53-42-41-12
1387,137335,9-22
1388,137337,2-12-25-31-41
1389,137338,8-16-27-54
1390,137339,21-22-47
1391,137342,9-23-54
1392,137354,2-9-25-26-53
1393,137357,9-25-46-53
1394,137358,7-23-31-39-52
1395,137374,9-22-53
1396,137382,2-29-30-35-47-52
1397,137383,12-18-39-52
1398,137386,53-17-9-8-2
1399,137387,9-22-23
1400,137388,16-27-31-52
1401,137389,41-53
1402,137390,26-53
1403,137391,26-53
1404,137393,2-3-12-30-53-55-56
1405,137394,10-51-52
1406,137397,55-53-49
1407,137398,53-23-9-8
1408,137400,2-25-55-56
1409,137403,17-25-32-36
1410,1,4
1411,137407,3-25
1412,137408,8-22-30-51-53-54
1413,137410,53-52-51-36-35-22-2
1414,137411,47-4-2
1415,137413,16-17-42-56
1416,137414,16-34-37-42-55
1417,137415,12-18-31-49-52
1418,137417,2-25-47-52
1419,137419,8-12-25-47
1420,137420,17-42-54
1421,137422,9-21-27-32
1422,137425,2-52-53-54
1423,137427,25-26-51-52
1424,137428,10-19-21
1425,137429,52
1426,137430,2-36-52
1427,137431,17-12-9-47-52
1428,137432,16-17-23-24-47-51
1429,137433,2-9-31-53
1430,137434,9-25-53-55
1431,137436,47-45-10-9
1432,137437,26-54-56
1433,137438,2-35-36-53
1434,137439,9-53-54
1435,137442,41-42-55
1436,137446,26-55-56
1437,137448,19-23-31
1438,137449,8-9-16-23-29-54
1439,137450,10-25-36-53
1440,137451,10-36-37-53
1441,137452,9-12-47
1442,137453,43-53-54
1443,137454,16-17
1444,137455,41-23-44
1445,137456,9-19-23-56
1446,137458,30-42
1447,137459,52-25-3
1448,137461,6-7-8-41
1449,137462,16-27-42
1450,137463,22-51
1451,137464,21-25-34-54-55
1452,137465,55-31
1453,137468,7-9-22-52
1454,137469,25-38-43-49
1455,137470,7-17-25-55
1456,137472,12-41-51-52
1457,4,2
1458,137475,12-52
1459,137476,47-42-17-16-8
1460,137477,16-41-42-53
1461,137481,3-9-25-36
1462,137483,23-36-53-54
1463,3,4
1464,137485,9-31
1465,137486,8-9-16-23-36-53-54
1466,137487,8-47-48
1467,137488,2-36
1468,137490,23-54
1469,137493,9-11-26-53
1470,3,2
1471,137498,1-12-18-23-52
1472,137500,9-12-17-47-52
1473,137503,5-11-30
1474,137504,25-30-49-52
1475,137506,6-22-43-53
1476,137508,3-16-25-42-56
1477,137513,8-17-19-47
1478,137516,8-9-17-36-53
1479,137517,19-38-42
1480,137518,22-31-53
1481,137522,6-26-43-52
1482,137525,1-2-23-31
1483,137531,17-25-56
1484,137595,48-18-16
1485,137597,26-36-53-54
1486,137598,22-41
1487,137611,5-9-23-29-47
1488,1570103915,16-20-26
1489,1570116033,46-18-52
1490,1570142765,7-12-23-39-42-52
1491,1570148463,14-36-54
1492,3,2
1493,1570151553,10-14-17-49
1494,1570153299,6-30-43-56
1495,1570153915,8-9-17-49-52-55
1496,1570154833,2-38-53
1497,1570154881,12-25-52-54
1498,1570155331,12-54
1499,1570158015,6-36-52
1500,1570158711,47-18-12
1501,1570158951,2-23-53
1502,1,4
1503,1570160455,52-26-9-53
1504,1570160459,3-26
1505,1570160515,8-14-17-19-23-27-47
1506,1570160519,9-26-49-52-53-56
1507,1570161213,28-53-56
1508,2,1
1509,1570161747,8-17-25-47-53
1510,1570162089,2-4-53
1511,1570162547,42-31-30-23-19-55
1512,1570162837,9-25-27
1513,1570163017,17-22-42-43-44
1514,1570163137,23-25-41-49-51-55
1515,1570163151,9-42-53
1516,1570163515,55-56
1517,1570163595,2-6-37-55
1518,1570163599,26-51-55
1519,1570163615,54-56
1520,1570163689,3-22-49-56
1521,1570163711,28
1522,1570163749,52-25-12
1523,1570163781,26-53-55
1524,1570163791,23-31-41-53
1525,1570163807,2-22-36
1526,1570163815,8-9-16-32-43-54
1527,1570163819,3-41-45-56
1528,1570163857,16-17-42
1529,1570163963,22-26-31-51
1530,1570163993,2-35-52
1531,1570164031,53-52-42-25-16
1532,4,1
1533,1570164177,8-25-47-52
1534,1570164227,25-35-43
1535,1570164477,25-42-47-52
1536,1570164527,8-9-19-42
1537,1570164595,16-28-53-54
1538,1570164667,26-41
1539,1570164703,21-22-31-49
1540,2,4
1541,1570164825,12-16-17-47-52
1542,1570164883,41-54
1543,1570164893,36-39-52
1544,1570165025,16-17-33-53
1545,1570165117,26-39-53-55
1546,1570165123,3-26
1547,1570165141,2-18-25-38-39-52
1548,1570165157,2-38-54
1549,1,2
1550,1570165193,9-22
1551,1570165195,12-48
1552,1570165213,9-12-18-49-52
1553,1570165215,21-53
1554,1570165239,9-22-31-52
1555,1570165241,8-26-30-54
1556,1570165269,52-53
1557,1570165321,30-36
1558,1570165361,9-26-41-49-53
1559,1570165423,14-41-42
1560,1570165505,9-25
1561,1570165805,16-25
1562,1570169283,8-9-17-33-36-47-48-52
1563,1570171149,10-17-52
1564,1570171569,38-53
1565,1570171627,36-44
1566,1570172025,42-31-25-17-12-54
1567,1570172041,7-31-41
1568,1570172335,21-36-45
1569,1570172433,53-25-18-55
1570,1570172565,3-9-10-26
1571,1570172623,26-55
1572,1570172683,9-23-53
1573,1570172717,5-9
1574,3,1
1575,1570172831,12-18-31-52
1576,1570172833,12-16-42-43
1577,1570172843,9-22
1578,1570179447,9-25-53-54
1579,1570189415,9-26-31
1580,1570191545,9-23-30-36-53
1581,1570192701,2-9-29-52
1582,1570196545,9-23-53
1583,1570196567,9-26-53
1584,1570196959,2-9-53
1585,1570197151,9-53-54
1586,1570197477,9-29-32
1587,1570203415,2-8-25
1588,1570205747,4-8-9-47-53
1589,1570206129,2-8-47-52
1590,1570206201,9-22-52
1591,1570206425,9-23-53-54-55
1592,1570206449,9-17-23-29-30
1593,1570206455,8-9-23-45
1594,1570206511,8-9-23-47
1595,1570206621,9-16-19-49
1596,1570206661,9-47
1597,1570206671,2-8-16-35-38-42
1598,1570207185,8-9-36-53
1599,148452,2-35
1600,148484,49-47-11-52
1601,148518,43-7-53
1602,148534,42-27-17-14-10-52
1603,148538,21
1604,148605,26
1605,148607,13-26
1606,148608,26
1607,4,2
1608,148795,2-35
1609,148808,9-26
1610,148969,30-25-2-53
1611,148970,25-2-55
1612,148992,31
1613,149060,49-41-22-52
1614,149103,13-12-36
1615,149107,26-28-31
1616,149109,26
1617,1,3
1618,149123,12-44-55
1619,149188,16-19-31-42
1620,149269,2-42
1621,149305,9-26
1622,149348,36-52
1623,149543,26
1624,149549,12
1625,149551,56-26
1626,149552,3-55
1627,149557,8-14-19
1628,149562,2-36
1629,149564,7-30
1630,149571,2-35-51
1631,149577,2
1632,149581,9-26
1633,149583,1-2-8-49-54
1634,149585,22-30-47-52
1635,149586,26
1636,149590,17-8
1637,149597,2-25-31
1638,149612,2-12
1639,149613,17-10-8-27
1640,149618,1-49
1641,149619,32-48
1642,149621,5-25
1643,149622,1-25
1644,149623,2
1645,149624,52-22-9
1646,149631,17-23-31
1647,149632,2-8
1648,149633,2-47
1649,149634,41-43
1650,149635,9-30
1651,149636,2
1652,149638,9-22-23-24-25-26
1653,149640,2-28-56
1654,149643,3-9
1655,149644,44-55
1656,149645,25-36-55
1657,149646,56-53-21
1658,149647,9-17-47
1659,149649,2-9
1660,149650,2-26
1661,149652,22-9-53
1662,149653,17-23-41
1663,149654,12-27-36
1664,149659,26-49-53
1665,149661,8
1666,149664,9-22-55
1667,149665,52-42-27-55
1668,149666,26-56
1669,149669,9-10
1670,149673,52
1671,149675,9-26
1672,149676,9-26-31
1673,149681,2-25-47
1674,149683,26
1675,149685,6-2-17-47
1676,149688,14-26
1677,2,1
1678,149724,12-25-26
1679,149729,25-31-53
1680,149804,2-9-42
1681,149805,8-9
1682,149806,1-26
1683,149807,9-26
1684,149817,49-42-19-17-16-53
1685,149837,3-31
1686,149844,2-30-36-47
1687,149854,2-25
1688,149857,2-31
1689,149879,26
1690,149889,9
1691,149965,2-6-35-36
1692,149986,8-17-22
1693,150003,2-47-51-52
1694,150005,2
1695,150007,13-26
1696,150012,53-56
1697,150019,34-9-35
1698,150025,9-43
1699,150037,18-2-49
1700,150038,19-8-47
1701,150043,26-36
1702,150050,22
1703,150051,27-30-32-42
1704,150065,9-41
1705,150068,2-30-52
1706,150069,25
1707,150070,12-14-16-17-42
1708,150071,56-41-31-26
1709,150072,9
1710,150073,8-9-32
1711,150074,10-14-16-42
1712,150077,26-31
1713,150080,42-25-52
1714,150081,11-26-30
1715,150082,8-17-47
1716,150086,42-19-17-16-14
1717,150087,2
1718,150091,3-30-33
1719,150094,25-22-9-29
1720,150095,26-35-43
1721,150098,26
1722,150099,16
1723,150101,26-13-49
1724,150104,41-35-31-2-47
1725,150105,26
1726,150107,1-31
1727,150108,2-31
1728,3,1
1729,150111,30-38
1730,150116,7-26
1731,150117,2-5-17
1732,150119,8-9-20-30
1733,150121,35-2
1734,150122,26-9-49
1735,150123,26
1736,150126,10-25-30-33-49
1737,150128,56
1738,150130,3-28-56
1739,150133,25-8-31
1740,150134,24-28-36
1741,150135,9-25
1742,150136,16-26-27-42
1743,150137,2-8
1744,150138,43-55
1745,150139,19-17-42-53
1746,2,1
1747,150152,9-33
1748,150158,11-26-43-47
1749,150160,9-26-33
1750,150167,23-25-26
1751,150168,8-26-31-42
1752,150172,8-9-29
1753,3,2
1754,150381,16-25
1755,150392,9-35
1756,150419,23-43
1757,150425,26
1758,3,2
1759,150429,42-24-16-14
1760,150431,26-33-41
1761,150434,8
1762,150439,8-47
1763,150452,2-12-27-53
1764,150454,10-22-23-24-35
1765,150457,10-2
1766,150464,12-25
1767,150466,44
1768,150467,8-9-17
1769,150469,6-41
1770,150470,2
1771,2,1
1772,4,3
1773,150480,2-31-38-42
1774,150481,3-9
1775,1,4
1776,150485,26
1777,150486,22
1778,150488,27-36
1779,150492,26-11-52
1780,150495,8-47
1781,150500,8-9-26
1782,150503,9-30
1783,150506,8-9-24-29-53
1784,150510,2-12
1785,150520,41
1786,150521,8-10-17-47
1787,1570264305,21
1788,1570266846,44
1789,1570279490,19
1790,1570279863,35-10-56
1791,1570280496,9
1792,1570280503,2-49
1793,1570280507,25-31
1794,1570280653,25
1795,1570280956,30-9-52
1796,1570281384,31-2-52
1797,1570281399,18-12-49
1798,1570281683,55
1799,1570281917,2-35
1800,1570281979,14-42
1801,1570282045,2-42
1802,1570282054,26-33
1803,1570282110,26
1804,1570282141,2
1805,1570282185,8-9-16-42
1806,1570282203,26-30-43
1807,1570282229,26-2-36
1808,1570282235,2
1809,1570282295,22-25-27-30
1810,1570282329,55-56
1811,1570282349,27-9-47
1812,1570282597,30
1813,1570282605,8-10-22
1814,1570282648,9-22-26
1815,1570282670,13
1816,1570282704,7
1817,1570282719,13-26-36
1818,1570282724,21-26
1819,1570282726,49-56
1820,1570282859,2-6
1821,1570283452,8-17-49
1822,1570285094,8-17
1823,1570285572,27-25-35-42
1824,1570285669,10
1825,4,2
1826,1570285917,2-31-35
1827,1570285991,26-53-55
1828,1570285998,2-25
1829,1570286288,16
1830,1570286355,9-51
1831,1570286719,2-52
1832,1570287099,53-55
1833,1570287120,9-26
1834,1570287214,26-30-55
1835,1570287245,9-10-27
1836,1570287289,14-16
1837,1570287291,9-27-56
1838,1570287314,26-42
1839,1570287330,2-18
1840,1570287340,9-55
1841,1570287522,35-52
1842,1570287526,5-9-22
1843,1570287530,22
1844,1570287577,9-23
1845,1570287662,8-9-27-42
1846,1570287677,9-32
1847,1,2
1848,1570287743,12-36
1849,1570287767,26
1850,1570287768,9-10-25
1851,1570287772,17-8-49
1852,1570287791,26-36
1853,1570287799,31-52
1854,1570287802,26-42
1855,1570287809,12-36
1856,1570287816,13-26
1857,1570287842,9-8-46-51
1858,1570287850,9
1859,1570287851,10-14-17
1860,1570287862,16-22
1861,1570287867,21
1862,1570287869,8-9-23-33
1863,1570287870,26-9-8-52
1864,1570287871,22
1865,1570287875,11-26
1866,1570287882,2-1-42
1867,1570288476,8-9-52
1868,1570289597,6-43-47
1869,1570290049,23-26-43
1870,1570290180,55
1871,1570290312,16-27-35
1872,3,2
1873,1570290691,2
1874,1570290750,13-25
1875,1570290762,8-17
1876,1570290785,28
1877,1570290823,42-9-47
1878,1570290922,42-43
1879,1570290966,51-13
1880,1570290979,9-26
1881,1570291023,9-8-27
1882,1570291071,11-35-47
1883,1570291076,9-33
1884,1570291080,12-35-36
1885,1570291117,2-35-42
1886,1570291125,2-53
1887,1570291141,2-25
1888,1570291156,9-26-56
1889,1570291162,22
1890,1570291169,55
1891,1570291185,44-10-55
1892,1570291188,16-42
1893,1570291200,21
1894,1570291208,49-53
1895,1570291865,9-35-49
1896,1570310177,53-55
1897,162248,2-35-52
1898,162329,28-56
1899,163263,53-67-9-55
1900,163298,25
1901,163314,2-6
1902,163315,47-49
1903,163316,2-35-39
1904,163317,6
1905,163318,6
1906,1,2
1907,163320,56
1908,163324,32-16-42
1909,2,4
1910,1,4
1911,163693,18-27-64-12-9-67
1912,163701,48
1913,4,3
1914,163773,2-27
1915,163777,2-5
1916,163778,26-63-64-43-52
1917,163779,7-53
1918,163782,39-55
1919,163783,42-16
1920,163786,53-25-14
1921,163787,26-34
1922,163788,68-8-47
1923,163793,2-7-47-51
1924,163795,25-9-67
1925,163803,4-25-51-52
1926,163809,2
1927,163812,25-9-67
1928,163817,21-53
1929,163823,52-19-8
1930,163827,10-32
1931,163828,12-39
1932,163832,16-30-42
1933,NA,NA
1934,163846,32-30-22-9-67-52
1935,163847,2-53
1936,163848,52-67-9
1937,163849,2-22
1938,163850,2-31-47
1939,163852,22-8-68
1940,163854,36-3-55
1941,163856,53-28-56
1942,163857,19-17-27-8
1943,163861,22-8-68
1944,163862,68-67-9-8-2
1945,163863,25-55
1946,163864,12-9-67
1947,163866,42-16-8-2-68
1948,163871,67-9-55
1949,163872,42-27-16-52
1950,163873,55
1951,163878,2-22-49
1952,163880,53-67-31-27-9
1953,163894,26-43
1954,163895,67-35-9-53
1955,163898,22-9-8-68
1956,163901,8-2-68
1957,163904,22
1958,163906,27-9-67
1959,163907,9-26-53
1960,163910,67-25-9-53
1961,163912,21
1962,3,4
1963,163915,12-18
1964,163916,33-26-52
1965,163917,63-31
1966,1,3
1967,163922,2-43
1968,163925,54-3
1969,163926,47
1970,163927,11-22
1971,163928,9-2-67
1972,163929,35
1973,163931,36-66-7-52
1974,163932,25
1975,163933,68-31-8-52
1976,163934,67-9-52
1977,163937,25-8-68
1978,163940,19-31-26-64-9-8-67-68
1979,163943,9-67
1980,163944,66
1981,163946,27-22-9-67
1982,163948,52-26-64-53
1983,163950,67-22-9-52
1984,163951,2-55
1985,163952,39
1986,163953,25-33-53
1987,163955,32-26-9-8-67
1988,163956,36-9-8-67-68
1989,163961,2
1990,163965,8-2-68
1991,163966,32-8-68
1992,163968,55-42-25
1993,163969,67-9-47
1994,163971,3-8-10
1995,163972,36
1996,163973,26-9-67
1997,163975,42-33-17-16-53
1998,163981,55
1999,163982,64-26
2000,163985,7-16-27-42
2001,163996,25-49
2002,163998,33-55
2003,164005,26-9-67
2004,164127,26-56
2005,164140,21-48
2006,164154,2-22-31-52
2007,164170,63-8-29
2008,164195,19-17-8-68
2009,164196,16-42
2010,164198,1-51
2011,164207,68-17-66-8-47-52
2012,164209,47-27-14-10
2013,164210,9-67
2014,164211,7-12
2015,164212,36-52
2016,164213,10-9-67
2017,164214,30-52-53
2018,164216,64-6-35
2019,164217,33-31-26-64-9-67
2020,164218,26-64-53
2021,164220,25-49
2022,164221,2-25
2023,164222,26
2024,164224,26-66-64-42
2025,164225,67-27-9
2026,164230,35-9-67
2027,164234,53-67-30-9-55
2028,164238,9-2-67
2029,164240,67-31-22-11-9
2030,164241,10-47-52
2031,164242,20-42
2032,164258,30-41
2033,164306,67-9-56
2034,164310,14-16-27-42-49-52
2035,164312,67-33-9-52
2036,164318,9-2-53
2037,164323,40-52
2038,164328,63-6-52
2039,164336,47-49
2040,1570165185,7-32-52
2041,78213,3-29-41
2042,62547,20-21-23
2043,1570172747,41-17-16-47
2044,1570287741,26-32
2045,150478,25-39
2046,137494,14-16-25-53-55
2047,73454,4
2048,137290,23-53-54
2049,62179,2-25-31
2050,108813,25-2-1-30
2051,137473,4-16-42
2052,150427,8-9
2053,73993,3-31-32
2054,106992,16-42
2055,93994,41-54
2056,1570164757,31-17-47
2057,137405,41-56
2058,134644,9-25-53-54
2059,137275,49-53
2060,121626,14-25-27-31-46-47
2061,121059,6-10
2062,133304,3-22-26-31
2063,101087,9-10
2064,99335,31-37-55
2065,62458,22-25-30
2066,94009,6
2067,108730,12-16-17-42
2068,137484,9-26-53
2069,121834,6-32-52
2070,2,3
2071,134537,53-36-9
2072,163918,63-12-27
2073,108688,30-49
2074,108132,9-10-31
2075,108131,2-23-25
2076,107307,22-36
2077,93955,10-25-55
2078,121652,12-25-36-38-49
2079,74073,3-49
2080,1570290687,9
2081,121645,48-52-54
2082,121693,9-37-55
2083,150110,22-9-52
2084,148735,52-27-25-55
2085,1570159731,26-32-53
2086,74028,31
2087,78062,2-5-30
2088,80879,16
2089,62512,3-12-30-36
2090,149696,2-35-53
2091,1570164061,12-18-53
2092,108704,24-26-42-53
2093,149122,39-27-12-52
2094,73452,27-42
2095,108770,4-29-31
2096,108789,16-21-42
2097,93949,12
2098,84239,15-22-30
2099,93378,8-16
2100,121697,3-23-36
2101,99083,2-35-36-47
2102,108803,7-17-37
2103,1,2
2104,163913,9-2-67
2105,78490,21-26
2106,94081,4-26
2107,80681,21-25-31
2108,62421,13-41
2109,1570285687,31
2110,163319,36-52
2111,1570149801,12-18-25-53
2112,121617,47-42-16-14-52
2113,107178,2-31-35
2114,94101,21-25-27-45
2115,1570161239,26-2-36
2116,150175,5-17-31-42
2117,163528,42-47
2118,94055,30-29
2119,163461,1-36
2120,84318,23-32
2121,163769,18-9-67-47
2122,150484,9-10-21-25-41-46
2123,108804,10-14-16-23-36-37
2124,121054,24
2125,150472,30-8-32
2126,98344,5-47
2127,150143,9-27
2128,134694,2-23-31-49
2129,61860,25-31-41
2130,163833,31-26-64-16-42
